point,years,month,day,high,low
sdi,1950,12,6,9.3,0.7
sdi,2020,8,7,30.6,23.9
sdi,1950,12,7,8.6,-0.2
sdi,2020,8,6,31.1,24.4
sdi,1950,12,8,9.1,-0.1
sdi,2020,8,5,31.7,24.3
sdi,1950,12,9,10.0,0.8
sdi,2020,8,4,31.1,23.9
sdi,2020,8,9,31.5,24.3
sdi,2020,8,8,30.0,23.6
sdi,1950,12,1,10.5,1.7
sdi,1950,12,2,12.0,2.5
sdi,2020,8,3,31.0,23.2
sdi,1950,12,3,9.9,1.5
sdi,2020,8,2,32.5,23.8
sdi,1950,12,4,9.7,0.3
sdi,2020,8,1,31.3,23.9
sdi,1950,12,5,9.0,0.7
sdi,2020,8,18,30.5,23.8
sdi,2020,8,17,31.3,23.2
sdi,2020,8,16,29.9,24.0
sdi,2020,8,15,29.6,23.1
sdi,2020,8,19,31.7,23.5
sdi,1990,11,28,10.9,4.3
sdi,2020,8,10,32.7,24.5
sdi,1990,11,27,11.5,3.8
sdi,1990,11,29,12.0,4.2
sdi,1990,11,24,11.6,3.9
sdi,2020,8,14,28.6,23.1
sdi,1990,11,23,12.9,3.7
sdi,2020,8,13,30.0,23.3
sdi,1990,11,26,12.7,3.7
sdi,2020,8,12,29.2,23.3
sdi,1990,11,25,12.1,3.4
sdi,2020,8,11,31.7,23.6
sdi,1990,11,30,12.5,3.6
sdi,1950,12,28,5.3,-0.9
sdi,1980,4,3,13.0,3.3
sdi,1950,12,29,5.9,-1.1
sdi,1980,4,2,11.6,2.1
sdi,1980,4,1,10.5,1.5
sdi,1920,7,31,29.5,21.4
sdi,1920,7,30,29.6,21.9
sdi,1950,12,20,9.3,0.7
sdi,1950,12,21,7.3,0.6
sdi,1950,12,22,6.2,-0.5
sdi,1950,12,23,6.9,-0.7
sdi,1950,12,24,6.7,-1.3
sdi,1950,12,25,6.4,-1.5
sdi,1950,12,26,6.4,-0.6
sdi,1950,12,27,6.3,-0.5
sdi,1950,12,30,5.7,-1.7
sdi,1920,7,24,27.6,20.6
sdi,1920,7,23,28.8,20.8
sdi,1920,7,26,26.1,20.0
sdi,1920,7,25,26.2,20.8
sdi,1920,7,28,27.6,21.1
sdi,1920,7,27,28.2,20.8
sdi,1920,7,29,29.1,20.7
sdi,1950,12,17,8.8,-0.6
sdi,1950,12,18,8.2,-0.3
sdi,1950,12,19,8.4,-0.1
sdi,1920,7,20,26.4,19.0
sdi,1920,7,22,27.7,19.8
sdi,1920,7,21,23.4,19.6
sdi,1950,12,10,8.8,1.7
sdi,1950,12,11,9.0,0.7
sdi,1950,12,12,10.0,1.5
sdi,1950,12,13,11.8,0.9
sdi,1950,12,14,10.2,0.4
sdi,1950,12,15,8.6,-0.4
sdi,1950,12,16,7.8,-0.6
sdi,1920,7,13,28.7,21.0
sdi,1920,7,12,28.3,20.0
sdi,1920,7,15,28.8,21.3
sdi,1920,7,14,28.0,21.5
sdi,1920,7,17,29.1,21.4
sdi,1920,7,16,30.4,21.0
sdi,1920,7,19,28.7,20.2
sdi,1920,7,18,30.4,22.1
sdi,1980,4,25,17.1,6.8
sdi,1980,4,24,16.8,7.3
sdi,1980,4,23,16.6,7.4
sdi,1980,4,22,14.4,6.8
sdi,1980,4,21,14.6,6.5
sdi,1980,4,20,17.3,7.6
sdi,1920,7,11,28.8,20.4
sdi,1920,7,10,25.5,19.3
sdi,1920,7,9,25.5,18.7
sdi,1920,7,2,23.0,16.6
sdi,1920,7,1,21.7,15.7
sdi,1920,7,4,23.1,17.7
sdi,1920,7,3,22.7,17.0
sdi,1980,4,19,15.2,5.7
sdi,1920,7,6,21.0,17.5
sdi,1980,4,18,15.6,5.2
sdi,1920,7,5,24.3,17.0
sdi,1980,4,17,12.1,4.6
sdi,1920,7,8,23.0,18.3
sdi,1980,4,16,13.5,5.8
sdi,1920,7,7,21.2,17.8
sdi,1980,4,15,12.0,5.0
sdi,1980,4,14,14.3,4.3
sdi,1980,4,13,13.1,4.8
sdi,1980,4,12,12.6,4.3
sdi,1980,4,11,14.3,5.1
sdi,1980,4,10,12.0,5.5
sdi,1980,4,9,13.5,4.6
sdi,1980,4,8,12.7,4.5
sdi,1980,4,7,12.3,4.3
sdi,1980,4,6,14.7,5.1
sdi,1980,4,5,13.2,4.5
sdi,1980,4,4,13.4,3.9
sdi,1980,4,30,17.4,8.1
sdi,1980,4,29,14.9,7.5
sdi,1980,4,28,17.6,7.5
sdi,1980,4,27,17.9,7.9
sdi,1980,4,26,16.7,6.6
sdi,1960,6,1,20.5,12.5
sdi,1960,6,3,20.8,13.5
sdi,1960,6,2,21.2,12.4
sdi,1930,2,16,6.1,-2.3
sdi,1930,2,17,5.8,-2.5
sdi,1930,2,18,5.5,-2.7
sdi,1930,2,19,4.5,-3.7
sdi,1930,2,10,3.4,-4.9
sdi,1930,2,11,4.2,-5.4
sdi,1930,2,12,3.5,-4.9
sdi,1930,2,13,4.6,-3.5
sdi,1930,2,14,6.0,-2.3
sdi,1930,2,15,6.2,-2.2
sdi,1930,2,27,6.0,-2.9
sdi,1930,2,28,5.6,-3.0
sdi,1930,2,29,4.5,-5.7
sdi,1930,2,20,6.3,-3.3
sdi,1930,2,21,6.1,-3.4
sdi,1930,2,22,6.0,-4.0
sdi,1930,2,23,6.6,-3.8
sdi,1930,2,24,7.1,-2.7
sdi,1930,2,25,5.3,-2.8
sdi,1930,2,26,5.8,-2.8
sdi,2000,7,1,25.5,18.6
sdi,2000,7,2,23.5,17.8
sdi,2000,7,3,24.6,18.1
sdi,2000,7,4,23.7,18.5
sdi,1960,6,30,25.2,17.4
sdi,2000,7,5,24.1,18.4
sdi,2000,7,6,25.7,18.8
sdi,2000,7,7,25.7,19.0
sdi,2000,7,8,23.8,19.0
sdi,1930,2,5,5.2,-4.2
sdi,1930,2,6,3.6,-3.6
sdi,1930,2,7,3.9,-4.3
sdi,1930,2,8,3.4,-4.4
sdi,1930,2,9,3.3,-4.8
sdi,1930,2,1,4.2,-4.8
sdi,1960,6,27,24.0,17.2
sdi,1930,2,2,3.9,-3.7
sdi,1960,6,26,23.9,17.1
sdi,1930,2,3,3.8,-3.5
sdi,1960,6,29,25.3,17.2
sdi,1930,2,4,4.2,-4.9
sdi,1960,6,28,24.4,17.2
sdi,1960,6,23,25.3,17.0
sdi,2000,7,12,25.9,19.6
sdi,1960,6,22,24.5,17.3
sdi,2000,7,13,26.3,19.8
sdi,1960,6,25,22.9,16.6
sdi,2000,7,14,26.1,20.2
sdi,1960,6,24,25.3,16.8
sdi,2000,7,15,27.3,20.4
sdi,2000,7,16,27.8,20.4
sdi,2000,7,17,26.8,20.4
sdi,1960,6,21,24.2,16.3
sdi,2000,7,18,25.9,20.3
sdi,1960,6,20,22.4,16.2
sdi,2000,7,19,26.0,20.0
sdi,1990,11,17,14.2,5.2
sdi,1990,11,16,14.1,4.9
sdi,1990,11,19,13.4,4.6
sdi,1990,11,18,14.3,5.5
sdi,1990,11,13,15.0,7.0
sdi,1990,11,12,15.5,6.9
sdi,2010,5,30,22.8,14.4
sdi,1990,11,15,14.7,6.0
sdi,2000,7,10,25.0,19.7
sdi,2010,5,31,23.8,14.9
sdi,1990,11,14,14.8,7.2
sdi,2000,7,11,27.0,19.1
sdi,1990,11,20,13.6,5.2
sdi,1990,11,22,11.7,3.4
sdi,1990,11,21,13.1,4.7
sdi,2000,7,9,25.0,18.6
sdi,1960,6,19,22.2,15.4
sdi,1960,6,16,21.5,14.2
sdi,1960,6,15,24.2,15.1
sdi,1960,6,18,23.8,15.8
sdi,1960,6,17,22.6,15.4
sdi,1960,6,12,22.2,13.3
sdi,2000,7,23,27.1,20.5
sdi,2010,5,22,23.4,13.5
sdi,1960,6,11,23.7,14.2
sdi,2000,7,24,26.8,20.9
sdi,2010,5,23,22.2,13.0
sdi,1960,6,14,22.9,14.0
sdi,2000,7,25,27.1,21.0
sdi,2010,5,24,23.1,13.5
sdi,1960,6,13,22.0,14.4
sdi,2000,7,26,26.8,21.0
sdi,2010,5,25,23.2,14.2
sdi,2000,7,27,27.5,20.6
sdi,2010,5,26,22.3,14.0
sdi,1990,11,9,15.3,6.7
sdi,2000,7,28,26.6,20.2
sdi,2010,5,27,23.3,14.2
sdi,1960,6,10,22.7,14.5
sdi,2000,7,29,26.0,20.3
sdi,2010,5,28,22.1,14.7
sdi,2010,5,29,22.0,14.0
sdi,1990,11,6,17.3,7.4
sdi,1990,11,5,16.6,7.3
sdi,1990,11,8,14.6,6.7
sdi,1990,11,7,16.1,7.1
sdi,1990,11,2,15.7,6.8
sdi,1990,11,1,15.5,7.6
sdi,2000,7,20,26.1,20.3
sdi,1990,11,4,16.9,6.9
sdi,2000,7,21,25.1,20.5
sdi,2010,5,20,22.5,12.5
sdi,1990,11,3,16.8,7.0
sdi,2000,7,22,25.7,20.5
sdi,2010,5,21,23.0,14.1
sdi,1990,11,11,14.5,5.3
sdi,1990,11,10,15.4,6.0
sdi,1960,6,9,20.7,13.7
sdi,2010,5,19,21.2,12.0
sdi,1960,6,8,21.9,12.3
sdi,1960,6,5,22.0,13.6
sdi,1960,6,4,19.6,13.7
sdi,1960,6,7,21.6,12.4
sdi,1960,6,6,21.2,12.9
sdi,2010,5,11,19.8,10.6
sdi,2010,5,12,18.9,11.2
sdi,1960,3,10,8.2,-1.5
sdi,2010,5,13,19.0,11.1
sdi,1960,3,11,8.7,-1.4
sdi,2010,5,14,21.4,11.8
sdi,2010,5,15,18.7,11.8
sdi,2010,5,16,22.0,12.2
sdi,2010,5,17,22.2,12.2
sdi,1930,11,30,10.5,0.6
sdi,2010,5,18,22.0,11.4
sdi,2000,7,30,26.9,20.7
sdi,2000,7,31,27.8,20.8
sdi,2010,5,10,19.1,10.8
sdi,1960,3,9,8.2,-2.0
sdi,1960,3,5,9.3,-0.9
sdi,2010,5,8,20.6,10.5
sdi,1960,3,6,7.9,-0.9
sdi,2010,5,9,20.2,10.2
sdi,1960,3,7,7.6,-1.2
sdi,1960,3,8,7.4,-1.9
sdi,1960,3,1,9.0,-1.7
sdi,1960,3,2,9.6,-1.3
sdi,1960,3,3,8.6,-0.2
sdi,1960,3,4,7.7,-0.3
sdi,1930,11,22,13.1,1.8
sdi,1930,11,21,12.3,1.5
sdi,2010,5,1,19.9,11.0
sdi,1930,11,24,12.5,1.8
sdi,2010,5,2,19.1,10.6
sdi,1930,11,23,12.1,2.2
sdi,2010,5,3,20.1,9.8
sdi,2010,5,4,20.8,11.9
sdi,2010,5,5,20.7,11.4
sdi,1930,11,20,12.9,2.6
sdi,2010,5,6,20.2,11.0
sdi,2010,5,7,19.9,10.0
sdi,1930,11,29,9.2,0.8
sdi,1930,11,26,11.6,1.0
sdi,1930,11,25,10.9,1.1
sdi,1930,11,28,10.1,0.9
sdi,1930,11,27,10.7,2.7
sdi,1930,11,11,13.7,4.8
sdi,1930,11,10,16.0,4.2
sdi,1930,11,13,13.1,2.8
sdi,1930,11,12,14.3,3.9
sdi,1930,11,19,11.9,2.3
sdi,1930,11,18,13.5,1.7
sdi,1930,11,15,14.2,3.5
sdi,1930,11,14,12.8,2.6
sdi,1930,11,17,12.7,2.4
sdi,1930,11,16,13.0,3.9
sdi,1990,7,1,23.7,16.8
sdi,1990,7,3,25.9,19.2
sdi,1990,7,2,25.0,17.9
sdi,1990,7,5,25.4,18.9
sdi,1990,7,4,26.4,18.9
sdi,1990,7,7,23.4,17.8
sdi,1990,7,6,24.9,17.9
sdi,1930,11,2,16.5,6.7
sdi,1930,11,1,16.6,6.5
sdi,1930,11,8,15.1,5.0
sdi,1930,11,7,15.7,5.8
sdi,1970,10,31,16.5,8.4
sdi,1930,11,9,14.9,4.3
sdi,1930,11,4,15.7,6.1
sdi,1930,11,3,15.8,4.3
sdi,1930,11,6,15.4,5.2
sdi,1930,11,5,16.4,5.3
sdi,1990,7,19,25.2,18.8
sdi,2020,12,29,7.7,0.2
sdi,2020,12,27,5.9,-0.1
sdi,2020,12,28,7.5,-0.4
sdi,1990,7,21,25.3,19.4
sdi,1990,7,20,23.8,18.9
sdi,1990,7,23,28.4,20.8
sdi,1990,7,22,26.4,20.0
sdi,1990,7,25,29.0,21.7
sdi,1990,7,24,28.7,22.0
sdi,1990,7,27,29.0,22.4
sdi,1990,7,26,29.9,22.2
sdi,1990,7,29,28.5,21.8
sdi,2020,12,30,8.4,-0.1
sdi,1990,7,28,28.7,22.1
sdi,2020,12,31,6.2,0.1
sdi,1990,7,9,22.7,18.4
sdi,1990,7,8,23.5,18.5
sdi,2020,12,18,4.2,-1.8
sdi,2020,12,19,4.3,-1.7
sdi,2020,12,16,8.2,1.0
sdi,2020,12,17,7.0,-0.6
sdi,1990,7,10,23.2,17.9
sdi,1990,7,12,23.9,18.5
sdi,2020,12,25,7.7,-0.6
sdi,1990,7,11,25.5,18.5
sdi,2020,12,26,7.0,-0.2
sdi,1990,7,14,24.6,18.6
sdi,2020,12,23,6.9,-0.3
sdi,1990,7,13,23.4,18.4
sdi,2020,12,24,8.0,0.5
sdi,1990,7,16,24.7,19.8
sdi,2020,12,21,8.8,-0.6
sdi,1990,7,15,26.0,19.2
sdi,2020,12,22,8.1,0.9
sdi,1990,7,18,24.7,19.3
sdi,1990,7,17,25.3,19.7
sdi,2020,12,20,5.4,-1.9
sdi,1960,3,30,10.7,2.3
sdi,1960,3,31,14.8,2.4
sdi,2020,12,9,11.3,2.3
sdi,2020,12,7,11.0,2.9
sdi,2020,12,8,10.2,3.7
sdi,2020,12,5,9.4,1.6
sdi,2020,12,6,10.3,2.5
sdi,1960,3,27,12.2,1.9
sdi,2020,12,14,7.8,1.4
sdi,1960,3,28,11.3,1.9
sdi,2020,12,15,6.8,0.1
sdi,1960,3,29,11.3,2.2
sdi,2020,12,12,10.5,3.4
sdi,2020,12,13,9.6,2.3
sdi,1960,3,23,9.9,-0.2
sdi,2020,12,10,11.5,3.8
sdi,1960,3,24,9.6,0.4
sdi,2020,12,11,10.9,3.5
sdi,1960,3,25,11.3,0.6
sdi,1960,3,26,10.3,1.4
sdi,1960,3,20,10.7,0.0
sdi,1960,3,21,11.8,1.2
sdi,1960,3,22,8.7,-0.2
sdi,1990,7,30,28.6,21.8
sdi,1990,7,31,30.4,22.7
sdi,1960,3,16,8.7,0.5
sdi,2020,12,3,12.5,2.2
sdi,1960,3,17,8.9,0.3
sdi,2020,12,4,12.0,3.1
sdi,1960,3,18,9.6,-0.1
sdi,2020,12,1,10.2,3.1
sdi,1960,3,19,11.3,0.3
sdi,2020,12,2,9.6,2.0
sdi,1960,3,12,9.2,-0.3
sdi,1960,3,13,10.3,0.2
sdi,1960,3,14,6.8,-1.7
sdi,1960,3,15,9.3,-1.4
sdi,1940,5,30,20.2,10.3
sdi,1940,5,31,20.9,11.6
sdi,1940,5,25,20.1,10.2
sdi,1940,5,26,21.1,11.3
sdi,1970,9,1,25.9,19.1
sdi,1940,5,23,20.4,9.7
sdi,1970,9,2,26.3,19.2
sdi,1940,5,24,20.2,8.9
sdi,1970,9,3,26.2,19.4
sdi,1940,5,29,20.3,10.9
sdi,1970,9,4,25.0,19.0
sdi,1970,9,5,25.5,18.2
sdi,1940,5,27,19.8,10.7
sdi,1970,9,6,25.5,18.1
sdi,1940,5,28,20.4,10.7
sdi,1970,9,7,24.3,18.4
sdi,1940,5,21,19.1,8.2
sdi,1940,5,22,19.5,8.7
sdi,1940,5,20,17.5,9.2
sdi,1940,5,14,18.7,7.6
sdi,1940,5,15,18.1,6.9
sdi,1940,5,12,19.3,9.8
sdi,1940,5,13,18.9,9.6
sdi,1940,5,18,16.4,10.1
sdi,1940,5,19,17.4,9.4
sdi,1940,5,16,18.0,8.4
sdi,1940,5,17,16.2,8.3
sdi,1970,10,28,14.2,8.0
sdi,1970,10,29,17.1,8.4
sdi,1970,10,22,18.4,8.6
sdi,1970,10,23,19.4,9.1
sdi,1970,10,20,18.3,9.7
sdi,1970,10,21,19.0,8.2
sdi,1970,10,26,18.6,9.0
sdi,1970,10,27,17.0,8.7
sdi,1970,10,24,19.3,9.4
sdi,1970,10,25,19.3,8.8
sdi,1970,10,30,16.3,7.9
sdi,1970,10,19,18.9,9.6
sdi,1970,10,17,17.9,9.3
sdi,1970,10,18,18.9,9.3
sdi,1950,12,31,5.6,-2.3
sdi,1970,10,11,18.9,12.0
sdi,1970,10,12,18.3,11.4
sdi,1970,10,10,21.0,12.3
sdi,1970,10,15,19.7,10.1
sdi,1970,10,16,19.5,9.5
sdi,1970,10,13,18.9,10.2
sdi,1970,10,14,17.9,10.6
sdi,1970,9,30,21.7,14.0
sdi,1970,9,19,24.2,16.4
sdi,1970,10,8,19.5,11.1
sdi,1970,10,9,19.7,11.6
sdi,1970,10,6,20.5,11.5
sdi,1970,10,7,19.2,10.4
sdi,1940,5,10,19.5,7.5
sdi,1940,5,11,18.5,7.9
sdi,1970,10,1,22.6,14.1
sdi,1970,10,4,21.8,13.9
sdi,1970,10,5,20.4,13.8
sdi,1970,10,2,21.8,13.9
sdi,1970,10,3,20.4,13.3
sdi,1940,5,9,18.7,7.6
sdi,1970,9,20,24.2,15.8
sdi,1970,9,21,24.2,15.9
sdi,1940,5,3,16.8,7.5
sdi,1970,9,22,23.3,15.7
sdi,1940,5,4,17.4,7.6
sdi,1970,9,23,22.0,15.0
sdi,1940,5,1,18.2,6.2
sdi,1970,9,24,22.5,15.1
sdi,2010,11,2,16.3,8.1
sdi,1940,5,2,18.1,7.0
sdi,1970,9,25,21.9,14.1
sdi,2010,11,1,16.8,8.7
sdi,1940,5,7,20.9,7.9
sdi,1970,9,26,22.7,13.8
sdi,1940,5,8,19.3,7.6
sdi,1970,9,27,22.3,14.5
sdi,1940,5,5,18.0,8.1
sdi,1970,9,28,21.5,13.4
sdi,1940,5,6,19.3,7.7
sdi,1970,9,29,20.7,14.2
sdi,1970,9,8,25.7,18.7
sdi,2010,11,8,15.9,7.9
sdi,1970,9,9,24.8,18.4
sdi,2010,11,7,17.0,8.5
sdi,2010,11,9,15.2,8.0
sdi,2010,11,4,16.8,7.8
sdi,2010,11,3,18.4,8.7
sdi,2010,11,6,17.8,8.3
sdi,2010,11,5,17.0,8.1
sdi,1970,9,10,26.2,18.7
sdi,1970,9,11,25.1,16.9
sdi,2010,11,11,13.3,6.1
sdi,1970,9,12,24.7,17.1
sdi,2010,11,10,15.7,7.7
sdi,1970,9,13,24.2,16.7
sdi,2010,11,13,15.4,6.6
sdi,1970,9,14,22.7,17.0
sdi,2010,11,12,15.5,7.2
sdi,1970,9,15,23.5,17.2
sdi,1970,9,16,23.5,16.4
sdi,1970,9,17,23.4,16.0
sdi,1970,9,18,23.7,16.9
sdi,1970,6,3,20.0,13.4
sdi,2010,11,19,13.1,5.0
sdi,1970,6,4,20.3,13.7
sdi,2010,11,18,14.1,4.9
sdi,1970,6,1,20.4,13.1
sdi,1970,6,2,21.4,13.2
sdi,2010,11,15,14.4,6.7
sdi,2010,11,14,14.6,6.7
sdi,2010,11,17,13.5,5.0
sdi,2010,11,16,13.1,5.4
sdi,2010,11,22,13.6,4.8
sdi,2010,11,21,12.1,3.8
sdi,2010,11,24,11.4,3.7
sdi,2010,11,23,11.5,4.7
sdi,2010,11,20,12.5,4.5
sdi,1970,6,14,21.7,14.8
sdi,1970,6,15,21.4,14.5
sdi,2010,11,29,11.6,3.6
sdi,1970,6,12,21.5,15.7
sdi,1970,6,13,21.3,14.8
sdi,1970,6,10,23.4,15.9
sdi,2010,11,26,11.9,3.7
sdi,1970,6,11,21.9,15.6
sdi,2010,11,25,10.7,3.0
sdi,2010,11,28,12.7,4.1
sdi,2010,11,27,13.1,4.1
sdi,1940,2,29,7.3,-2.2
sdi,1940,2,28,6.7,-2.8
sdi,1940,2,21,4.2,-5.0
sdi,1940,2,20,5.7,-3.8
sdi,1940,2,23,5.6,-4.2
sdi,1970,6,9,23.6,15.8
sdi,1940,2,22,5.2,-4.7
sdi,1940,2,25,5.0,-3.2
sdi,1970,6,7,22.9,14.4
sdi,1940,2,24,4.5,-3.3
sdi,1970,6,8,22.1,15.3
sdi,1940,2,27,6.3,-2.9
sdi,1970,6,5,21.2,14.3
sdi,1940,2,26,5.5,-2.7
sdi,1970,6,6,22.9,14.4
sdi,2010,11,30,10.1,3.2
sdi,2000,4,5,12.5,4.0
sdi,2000,4,4,12.3,3.3
sdi,2000,4,3,13.2,4.4
sdi,2000,4,2,13.4,4.2
sdi,2000,4,1,12.2,3.1
sdi,2000,4,16,16.2,6.6
sdi,2010,8,30,27.6,21.6
sdi,2000,4,15,16.0,7.0
sdi,2010,8,31,27.4,21.4
sdi,2000,4,14,17.3,7.2
sdi,2000,4,13,15.4,6.7
sdi,2000,4,12,15.6,6.6
sdi,2000,4,11,14.1,6.3
sdi,2000,4,10,15.4,5.8
sdi,2000,4,9,15.4,5.7
sdi,2000,4,8,13.9,7.1
sdi,2000,4,7,15.9,6.2
sdi,2000,4,6,14.8,4.3
sdi,1970,6,25,23.2,16.7
sdi,2010,8,27,26.1,20.5
sdi,1970,6,26,23.6,17.2
sdi,2010,8,28,26.3,20.5
sdi,1970,6,23,23.0,16.2
sdi,2010,8,25,29.7,22.5
sdi,1970,6,24,22.7,16.6
sdi,2010,8,26,28.0,21.4
sdi,1970,6,21,22.4,16.5
sdi,1970,6,22,22.2,16.1
sdi,2010,8,29,27.1,21.2
sdi,1970,6,20,22.7,16.4
sdi,2000,4,27,16.1,7.2
sdi,2000,4,26,17.1,7.2
sdi,2010,8,20,27.7,21.8
sdi,2000,4,25,15.2,7.9
sdi,2000,4,24,16.2,7.5
sdi,2000,4,23,14.6,7.0
sdi,2010,8,23,29.9,22.9
sdi,2000,4,22,17.0,8.3
sdi,2010,8,24,30.1,22.5
sdi,2000,4,21,16.0,8.1
sdi,2010,8,21,28.9,21.9
sdi,2000,4,20,14.7,7.4
sdi,2010,8,22,29.6,22.5
sdi,1940,2,18,4.5,-4.4
sdi,1940,2,17,4.1,-4.4
sdi,1940,2,19,5.0,-3.7
sdi,2000,4,19,16.4,8.3
sdi,2000,4,18,16.5,7.2
sdi,2000,4,17,17.3,7.0
sdi,1940,2,10,4.3,-5.2
sdi,1940,2,12,4.7,-4.0
sdi,1940,2,11,5.2,-5.6
sdi,1940,2,14,5.0,-3.9
sdi,1970,6,18,22.8,16.6
sdi,1940,2,13,4.5,-2.8
sdi,1970,6,19,23.2,16.8
sdi,1940,2,16,3.9,-4.3
sdi,1970,6,16,22.1,15.3
sdi,1940,2,15,4.7,-3.2
sdi,1970,6,17,22.8,16.0
sdi,2000,4,30,20.5,8.7
sdi,2010,8,16,28.9,23.1
sdi,2010,8,17,30.2,23.0
sdi,2010,8,14,28.4,22.3
sdi,2010,8,15,29.5,22.9
sdi,1970,6,30,21.3,16.5
sdi,2010,8,18,29.9,22.7
sdi,2010,8,19,28.7,22.5
sdi,2010,8,12,29.5,22.6
sdi,2010,8,13,29.6,22.3
sdi,2010,8,10,30.2,22.4
sdi,2010,8,11,29.3,23.1
sdi,1940,2,7,4.9,-3.7
sdi,1940,2,6,4.4,-4.1
sdi,1940,2,9,3.8,-5.1
sdi,1940,2,8,3.5,-4.6
sdi,2000,4,29,19.9,8.1
sdi,2000,4,28,18.0,7.6
sdi,1940,2,1,3.9,-4.5
sdi,1940,2,3,2.7,-4.0
sdi,1970,6,29,22.9,16.3
sdi,1940,2,2,5.3,-3.3
sdi,1940,2,5,5.1,-4.3
sdi,1970,6,27,24.0,17.2
sdi,1940,2,4,3.4,-3.9
sdi,1970,6,28,23.5,17.3
sdi,1950,8,24,24.9,19.8
sdi,2010,8,5,31.6,23.5
sdi,1950,8,23,26.9,19.6
sdi,2010,8,6,31.7,23.9
sdi,1950,8,26,27.3,19.3
sdi,2010,8,3,30.2,23.0
sdi,1950,8,25,26.3,19.3
sdi,2010,8,4,30.2,23.0
sdi,1950,8,20,30.2,21.4
sdi,2010,8,9,29.4,22.6
sdi,1950,8,22,28.4,20.6
sdi,2010,8,7,30.9,23.2
sdi,1950,8,21,29.4,20.8
sdi,2010,8,8,29.0,22.9
sdi,2010,8,1,29.9,22.9
sdi,2010,8,2,30.0,22.9
sdi,1950,8,17,28.7,21.3
sdi,1950,8,16,28.2,21.1
sdi,1950,8,19,29.6,21.5
sdi,1950,8,18,29.3,21.5
sdi,1950,8,31,24.5,18.8
sdi,1950,8,30,25.0,17.9
sdi,1950,8,28,28.6,20.2
sdi,1950,8,27,26.9,20.7
sdi,1950,8,29,26.0,19.7
sdi,1980,1,11,4.1,-2.3
sdi,1980,1,10,4.4,-2.0
sdi,1980,1,9,5.4,-1.9
sdi,1980,1,6,4.3,-2.5
sdi,1980,1,5,4.6,-1.8
sdi,1980,1,8,6.2,-1.9
sdi,1980,1,7,4.4,-3.7
sdi,1980,1,2,5.5,-1.4
sdi,1980,1,1,6.8,-1.3
sdi,1980,1,4,6.1,-1.0
sdi,1980,1,3,5.1,-1.9
sdi,1920,4,30,19.6,6.2
sdi,1920,4,28,20.0,6.9
sdi,1920,4,29,19.8,8.0
sdi,1920,4,20,12.9,3.8
sdi,1920,4,21,15.3,3.8
sdi,1920,4,22,9.7,2.6
sdi,1920,4,23,12.8,2.3
sdi,1920,4,24,12.9,1.2
sdi,1920,4,25,15.7,2.8
sdi,1920,4,26,16.4,4.3
sdi,1920,4,27,20.0,8.1
sdi,1980,1,31,5.2,-2.9
sdi,1980,1,30,4.6,-2.1
sdi,2020,3,31,16.7,6.1
sdi,2020,3,30,16.5,5.1
sdi,1920,4,17,14.1,5.5
sdi,1920,4,18,13.0,2.4
sdi,1920,4,19,13.6,3.9
sdi,1980,1,28,5.3,-2.2
sdi,1920,4,10,14.1,4.2
sdi,1980,1,27,4.9,-3.6
sdi,2020,3,29,14.1,5.9
sdi,1920,4,11,14.1,2.5
sdi,1920,4,12,14.1,1.2
sdi,1980,1,29,5.9,-1.9
sdi,1920,4,13,15.3,2.3
sdi,1980,1,24,3.9,-2.3
sdi,1920,4,14,13.5,2.5
sdi,1980,1,23,4.8,-3.4
sdi,1920,4,15,13.7,4.3
sdi,1980,1,26,2.7,-3.1
sdi,1920,4,16,14.3,6.4
sdi,1980,1,25,3.0,-3.4
sdi,1980,1,20,5.3,-2.5
sdi,1980,1,22,4.5,-2.5
sdi,1980,1,21,4.2,-2.9
sdi,1920,4,6,15.5,2.2
sdi,1920,4,7,12.6,5.7
sdi,1920,4,8,14.9,3.3
sdi,1920,4,9,12.5,2.4
sdi,1980,1,17,4.7,-3.1
sdi,1980,1,16,3.9,-3.2
sdi,1980,1,19,3.8,-3.1
sdi,1920,4,1,13.7,2.5
sdi,1980,1,18,3.7,-3.5
sdi,1920,4,2,11.3,2.6
sdi,1980,1,13,4.5,-1.8
sdi,1920,4,3,9.1,2.9
sdi,1980,1,12,4.5,-2.0
sdi,1920,4,4,13.3,4.8
sdi,1980,1,15,4.8,-2.7
sdi,1920,4,5,11.2,4.2
sdi,1980,1,14,3.9,-2.7
sdi,1950,8,2,29.4,22.3
sdi,2020,3,11,14.3,2.7
sdi,1950,8,1,30.2,22.1
sdi,2020,3,10,11.8,4.3
sdi,1950,8,4,26.6,21.7
sdi,2020,3,13,11.5,3.4
sdi,1950,8,3,29.2,21.8
sdi,2020,3,12,13.0,4.2
sdi,2020,3,15,14.1,2.7
sdi,2020,3,14,11.3,3.6
sdi,2020,3,17,13.5,3.3
sdi,2020,3,16,13.2,3.2
sdi,2020,3,8,11.0,1.2
sdi,2020,3,7,10.0,0.3
sdi,2020,3,9,12.4,3.3
sdi,1950,8,13,28.3,21.5
sdi,2020,3,22,12.2,4.0
sdi,1950,8,12,27.9,20.8
sdi,2020,3,21,13.4,4.3
sdi,1950,8,15,28.7,20.7
sdi,2020,3,24,15.0,3.4
sdi,1950,8,14,28.0,21.1
sdi,2020,3,23,12.2,3.1
sdi,2020,3,26,14.0,4.5
sdi,2020,3,25,14.0,5.2
sdi,1950,8,11,27.8,20.4
sdi,2020,3,28,14.1,4.2
sdi,1950,8,10,27.2,20.8
sdi,2020,3,27,14.6,5.1
sdi,2020,3,20,10.5,2.3
sdi,2020,3,19,13.1,2.5
sdi,1950,8,9,28.3,21.3
sdi,2020,3,18,9.5,2.3
sdi,1950,8,6,27.1,20.7
sdi,1950,8,5,27.4,21.5
sdi,1950,8,8,27.7,21.7
sdi,1950,8,7,28.0,21.2
sdi,1950,5,31,21.4,14.1
sdi,1950,5,30,21.8,12.8
sdi,1950,5,28,21.6,12.3
sdi,1980,9,2,27.3,20.1
sdi,1950,5,29,20.8,12.3
sdi,1980,9,1,28.7,20.6
sdi,1980,9,4,25.3,19.4
sdi,1980,9,3,24.2,19.6
sdi,1950,5,24,19.7,10.3
sdi,1980,9,6,25.6,18.7
sdi,1950,5,25,18.5,11.4
sdi,1980,9,5,26.0,19.5
sdi,1950,5,26,21.4,10.9
sdi,1980,9,8,25.3,18.3
sdi,1950,5,27,21.5,11.0
sdi,1980,9,7,24.6,18.6
sdi,1980,9,9,24.4,18.9
sdi,2020,3,2,9.4,1.8
sdi,2020,3,1,13.4,2.4
sdi,2020,3,4,9.0,0.6
sdi,2020,3,3,9.6,0.3
sdi,2020,3,6,9.4,0.9
sdi,2020,3,5,10.1,1.3
sdi,1980,9,11,23.7,18.2
sdi,1980,9,10,23.8,18.5
sdi,1980,9,13,25.4,18.1
sdi,1980,9,12,25.2,18.1
sdi,1980,9,15,24.1,16.1
sdi,1980,9,14,23.7,16.9
sdi,1980,9,17,22.3,16.3
sdi,1980,9,16,23.4,16.4
sdi,1980,9,19,21.7,16.4
sdi,1980,9,18,23.8,16.6
sdi,1920,1,30,1.6,-6.8
sdi,1920,1,31,1.5,-5.9
sdi,1980,10,29,15.5,7.3
sdi,1980,10,24,15.1,7.0
sdi,1980,10,23,17.1,7.2
sdi,1980,10,22,17.7,9.2
sdi,1980,10,21,16.8,8.8
sdi,1980,10,28,17.4,7.3
sdi,1980,10,27,17.3,7.9
sdi,1980,10,26,16.4,6.7
sdi,1980,10,25,16.4,6.6
sdi,1920,1,23,0.8,-7.9
sdi,1920,1,24,2.1,-6.8
sdi,1920,1,21,-0.7,-6.4
sdi,1920,1,22,1.1,-7.1
sdi,1980,10,31,15.7,6.3
sdi,1920,1,20,1.2,-4.7
sdi,1980,10,30,14.8,6.8
sdi,1920,1,29,2.1,-5.9
sdi,1920,1,27,3.8,-4.1
sdi,1920,1,28,3.1,-4.7
sdi,1920,1,25,4.6,-4.7
sdi,1920,1,26,6.5,-4.0
sdi,1950,5,1,18.5,7.8
sdi,1920,1,12,5.8,-3.2
sdi,1920,1,13,4.3,-3.3
sdi,1920,1,10,8.0,-1.7
sdi,1920,1,11,7.6,-0.8
sdi,1920,1,18,5.8,-3.4
sdi,1920,1,19,2.8,-2.8
sdi,1920,1,16,7.4,-2.4
sdi,1920,1,17,5.2,-1.6
sdi,1920,1,14,4.4,-5.3
sdi,1920,1,15,6.1,-3.5
sdi,1950,5,10,20.4,9.4
sdi,1980,10,9,19.3,11.5
sdi,1950,5,11,19.8,10.2
sdi,1980,10,8,19.6,11.9
sdi,1950,5,12,19.9,10.5
sdi,1980,10,7,20.5,12.9
sdi,1980,10,2,22.0,13.4
sdi,1980,10,1,21.6,13.9
sdi,1980,10,6,20.2,13.3
sdi,1980,10,5,21.6,12.2
sdi,1980,10,4,20.6,12.0
sdi,1980,10,3,22.9,13.9
sdi,1920,1,1,6.3,-2.2
sdi,1920,1,2,5.6,-3.4
sdi,1980,9,20,22.5,16.4
sdi,1980,9,22,23.1,15.4
sdi,1980,9,21,24.0,16.0
sdi,1920,1,9,5.4,-5.6
sdi,1950,5,6,18.8,9.0
sdi,1980,9,24,21.2,14.8
sdi,1950,5,7,19.3,7.8
sdi,1980,9,23,22.2,14.5
sdi,1920,1,7,3.0,-5.3
sdi,1950,5,8,19.2,8.7
sdi,1980,9,26,23.3,15.5
sdi,1920,1,8,7.3,-2.6
sdi,1950,5,9,18.6,8.5
sdi,1980,9,25,22.1,15.4
sdi,1920,1,5,6.9,-5.3
sdi,1950,5,2,18.6,7.6
sdi,1980,9,28,20.8,13.8
sdi,1920,1,6,7.3,-4.9
sdi,1950,5,3,16.9,6.4
sdi,1980,9,27,21.4,14.7
sdi,1920,1,3,2.8,-4.6
sdi,1950,5,4,19.0,9.1
sdi,1920,1,4,4.9,-6.9
sdi,1950,5,5,18.7,9.1
sdi,1980,9,29,20.5,13.3
sdi,1950,5,20,19.3,11.0
sdi,1950,5,21,22.2,10.1
sdi,1950,5,22,20.1,10.4
sdi,1980,10,19,17.2,9.6
sdi,1950,5,23,19.4,11.7
sdi,1980,10,18,18.2,9.7
sdi,1980,10,13,18.5,11.9
sdi,1980,10,12,20.1,12.7
sdi,1980,10,11,19.6,11.6
sdi,1980,10,10,19.9,11.1
sdi,1980,10,17,18.2,10.2
sdi,1980,10,16,18.5,9.2
sdi,1980,10,15,19.2,9.9
sdi,1980,10,14,20.5,11.0
sdi,1980,10,20,17.6,9.6
sdi,1980,9,30,21.2,13.0
sdi,1950,5,17,19.5,9.2
sdi,1950,5,18,19.1,10.2
sdi,1950,5,19,20.0,10.8
sdi,1950,5,13,20.1,9.7
sdi,1950,5,14,20.2,9.3
sdi,1950,5,15,19.4,9.2
sdi,1950,5,16,18.4,9.8
sdi,1960,12,8,11.5,0.2
sdi,1960,12,7,10.2,0.3
sdi,1960,12,9,8.7,1.1
sdi,1960,12,2,10.1,1.4
sdi,1960,12,1,10.2,1.6
sdi,1960,12,4,9.0,1.7
sdi,1960,12,3,11.1,0.7
sdi,1960,12,6,10.8,1.3
sdi,1960,12,5,9.1,1.1
sdi,1960,12,19,6.5,-1.3
sdi,1960,12,18,7.8,0.1
sdi,1960,12,11,9.7,1.6
sdi,1960,12,10,9.9,0.5
sdi,1960,12,13,9.3,0.8
sdi,1960,12,12,10.5,0.1
sdi,1960,12,15,8.7,0.5
sdi,1960,12,14,7.8,-0.2
sdi,1960,12,17,6.3,-0.9
sdi,1960,12,16,6.7,-0.7
sdi,1960,12,20,9.1,-0.1
sdi,1990,4,5,13.1,4.5
sdi,1930,7,30,28.7,20.7
sdi,1960,12,29,5.9,-2.6
sdi,1990,4,6,13.2,5.3
sdi,1990,4,7,12.9,4.8
sdi,1990,4,8,12.6,4.8
sdi,1990,4,9,14.8,4.4
sdi,1930,7,31,28.1,21.2
sdi,1960,12,22,7.7,-0.3
sdi,1960,12,21,10.3,-0.4
sdi,1960,12,24,6.6,-0.8
sdi,1960,12,23,7.8,-0.1
sdi,1960,12,26,6.8,-1.1
sdi,1960,12,25,6.4,-1.1
sdi,1960,12,28,5.1,-2.3
sdi,1960,12,27,5.2,-2.1
sdi,1960,12,31,5.7,-2.4
sdi,1960,12,30,6.1,-2.8
sdi,1930,7,26,28.3,20.5
sdi,1930,7,27,28.3,20.1
sdi,1930,7,24,27.9,20.2
sdi,1990,4,10,13.8,4.5
sdi,1930,7,25,27.8,20.4
sdi,1990,4,11,14.2,4.9
sdi,1990,4,12,13.5,5.0
sdi,1990,4,13,15.1,6.2
sdi,1930,7,28,28.3,20.3
sdi,1990,4,14,14.3,5.8
sdi,1930,7,29,29.4,20.7
sdi,1990,4,15,14.9,5.0
sdi,2000,1,2,5.8,-1.0
sdi,2000,1,1,6.1,-1.3
sdi,1990,4,1,13.3,3.5
sdi,1990,4,2,12.7,4.0
sdi,1990,4,3,11.6,3.2
sdi,1990,4,4,13.7,3.5
sdi,1990,4,27,20.2,8.6
sdi,1990,4,28,18.5,9.0
sdi,1990,4,29,17.5,9.1
sdi,1930,7,11,22.3,16.5
sdi,1930,7,12,24.0,17.1
sdi,1930,7,10,22.4,17.4
sdi,2000,1,11,5.1,-1.2
sdi,2000,1,10,7.1,-1.3
sdi,2000,1,13,5.6,-2.1
sdi,2000,1,12,4.7,-1.8
sdi,2000,1,8,5.5,-1.0
sdi,2000,1,7,6.1,-0.9
sdi,2000,1,9,5.3,-1.1
sdi,2000,1,4,6.8,-0.4
sdi,2000,1,3,5.9,-1.2
sdi,2000,1,6,5.1,-1.5
sdi,2000,1,5,5.4,-1.0
sdi,1930,7,4,24.6,17.6
sdi,1990,4,30,16.5,8.3
sdi,1930,7,5,25.4,17.9
sdi,1930,7,2,24.4,17.4
sdi,1930,7,3,25.1,17.7
sdi,1930,7,8,24.5,17.9
sdi,1930,7,9,23.5,17.8
sdi,1930,7,6,24.4,17.9
sdi,1930,7,7,25.2,18.2
sdi,1990,4,16,14.6,5.8
sdi,1990,4,17,15.6,6.1
sdi,1990,4,18,15.2,6.1
sdi,1990,4,19,17.0,6.7
sdi,1930,7,22,26.3,20.0
sdi,1930,7,23,27.9,20.4
sdi,1930,7,20,27.1,19.8
sdi,1930,7,21,26.3,20.1
sdi,2000,1,22,5.1,-1.6
sdi,2000,1,21,6.0,-1.3
sdi,2000,1,24,5.1,-1.7
sdi,2000,1,23,5.3,-1.5
sdi,2000,1,20,6.0,-1.5
sdi,2000,1,19,5.1,-1.4
sdi,2000,1,18,4.8,-2.1
sdi,2000,1,15,4.9,-1.8
sdi,2000,1,14,6.0,-0.9
sdi,2000,1,17,5.2,-1.0
sdi,2000,1,16,6.0,-1.8
sdi,1930,7,15,25.5,18.9
sdi,1930,7,16,25.4,19.0
sdi,1990,4,20,14.6,5.7
sdi,1930,7,13,24.3,18.3
sdi,1990,4,21,15.8,5.7
sdi,1930,7,14,25.5,18.4
sdi,1990,4,22,17.8,7.3
sdi,1930,7,19,25.6,19.7
sdi,1990,4,23,18.3,9.0
sdi,1990,4,24,18.2,9.3
sdi,1930,7,17,25.7,19.0
sdi,1990,4,25,18.3,9.2
sdi,1930,7,18,26.4,19.4
sdi,1990,4,26,17.1,8.3
sdi,2000,1,31,5.3,-0.9
sdi,2000,1,30,7.5,-1.0
sdi,2000,1,29,7.1,-1.2
sdi,2000,1,26,4.9,-1.6
sdi,2000,1,25,5.4,-1.6
sdi,2000,1,28,6.6,-1.0
sdi,2000,1,27,5.6,-1.3
sdi,1930,7,1,23.9,17.0
sdi,1940,3,8,5.2,-2.0
sdi,1940,3,7,6.7,-2.1
sdi,1940,3,9,7.2,-2.8
sdi,1940,3,2,5.7,-2.2
sdi,1940,3,1,5.6,-3.0
sdi,1940,3,4,6.4,-2.6
sdi,1940,3,3,6.2,-2.2
sdi,1940,3,6,7.2,-1.0
sdi,1940,3,5,7.1,-2.2
sdi,1990,1,1,6.5,-0.2
sdi,1980,2,28,5.0,-1.7
sdi,1980,2,29,5.1,-2.1
sdi,1980,2,26,3.6,-2.5
sdi,1980,2,27,4.7,-2.6
sdi,1980,2,24,5.1,-0.8
sdi,1980,2,25,4.4,-2.3
sdi,1990,1,11,6.2,-0.1
sdi,1990,1,12,6.3,-0.5
sdi,1990,1,10,6.8,-0.9
sdi,1940,3,31,10.4,-1.0
sdi,1940,3,30,12.8,0.5
sdi,1940,3,29,10.4,0.6
sdi,1940,3,22,8.5,-0.5
sdi,1990,1,8,5.8,-1.3
sdi,1940,3,21,10.2,-0.9
sdi,1990,1,9,5.2,-2.3
sdi,1940,3,24,9.3,-0.3
sdi,1990,1,6,5.5,-0.3
sdi,1940,3,23,8.0,0.2
sdi,1990,1,7,4.9,-0.7
sdi,1940,3,26,10.2,-1.2
sdi,1990,1,4,5.5,-0.6
sdi,1940,3,25,9.6,-0.9
sdi,1990,1,5,6.1,-0.9
sdi,1940,3,28,9.8,-0.1
sdi,1990,1,2,7.5,-0.4
sdi,1940,3,27,10.2,-1.5
sdi,1990,1,3,7.5,-0.4
sdi,1990,1,22,4.4,-2.2
sdi,1990,1,23,4.9,-1.7
sdi,1990,1,20,5.0,-1.9
sdi,1990,1,21,4.5,-2.4
sdi,1940,3,20,7.8,-0.8
sdi,1940,3,19,8.6,-1.9
sdi,1940,3,18,7.7,-0.8
sdi,1940,3,11,7.2,-2.4
sdi,1990,1,19,5.2,-1.7
sdi,1940,3,10,7.5,-1.5
sdi,1940,3,13,9.0,-1.5
sdi,1990,1,17,6.2,-1.0
sdi,1940,3,12,8.3,-1.8
sdi,1990,1,18,6.2,-1.3
sdi,1940,3,15,7.0,-1.9
sdi,1990,1,15,4.3,-1.5
sdi,1940,3,14,8.0,-0.3
sdi,1990,1,16,5.1,-1.3
sdi,1940,3,17,8.0,-2.3
sdi,1990,1,13,6.1,-1.0
sdi,1940,3,16,7.6,-1.9
sdi,1990,1,14,5.3,-1.8
sdi,1990,1,31,4.0,-3.1
sdi,1990,1,30,3.6,-3.1
sdi,1930,4,20,16.0,2.7
sdi,1930,4,19,16.4,3.7
sdi,1930,4,18,15.3,2.9
sdi,1930,4,11,13.9,2.5
sdi,1930,4,10,12.6,2.6
sdi,1930,4,13,11.3,2.1
sdi,1990,1,28,5.3,-2.5
sdi,1930,4,12,13.5,3.3
sdi,1990,1,29,3.7,-2.5
sdi,1930,4,15,12.6,4.6
sdi,1990,1,26,5.0,-1.3
sdi,1930,4,14,15.0,2.4
sdi,1990,1,27,5.5,-2.1
sdi,1930,4,17,14.0,2.8
sdi,1990,1,24,3.4,-2.6
sdi,1930,4,16,12.9,3.7
sdi,1990,1,25,4.4,-2.1
sdi,1930,4,30,16.0,5.5
sdi,1930,4,29,15.2,6.8
sdi,1930,4,22,16.0,6.2
sdi,1930,4,21,17.5,4.7
sdi,1930,4,24,15.1,4.9
sdi,1930,4,23,14.6,4.5
sdi,1930,4,26,17.1,6.3
sdi,1930,4,25,18.2,7.0
sdi,1930,4,28,17.5,5.9
sdi,1930,4,27,17.6,5.6
sdi,2000,5,6,17.7,10.8
sdi,2000,5,5,19.6,10.9
sdi,2000,5,4,21.0,10.9
sdi,2000,5,3,19.0,9.5
sdi,2000,5,2,17.4,9.1
sdi,2000,5,1,18.7,9.0
sdi,1930,4,8,10.9,2.5
sdi,1930,4,7,11.2,0.5
sdi,1930,4,9,13.0,2.8
sdi,1930,4,2,12.1,-0.0
sdi,1930,4,1,10.6,0.5
sdi,1930,4,4,12.1,1.4
sdi,1930,4,3,11.2,1.0
sdi,1930,4,6,10.3,2.7
sdi,1930,4,5,12.0,2.3
sdi,1970,3,10,6.9,0.4
sdi,1970,3,12,7.1,-0.6
sdi,1970,3,11,7.5,-0.4
sdi,1920,5,30,22.0,9.9
sdi,1920,5,31,25.1,11.5
sdi,2000,5,17,17.6,11.8
sdi,2000,5,16,18.9,10.7
sdi,2000,5,15,20.1,10.3
sdi,2000,5,14,19.2,10.5
sdi,2000,5,13,17.1,10.6
sdi,2000,5,12,17.6,10.5
sdi,2000,5,11,17.7,9.8
sdi,2000,5,10,16.5,10.1
sdi,1920,5,29,20.2,10.1
sdi,2000,5,9,19.1,10.2
sdi,2000,5,8,18.2,10.5
sdi,2000,5,7,20.2,11.1
sdi,1920,5,21,23.2,9.7
sdi,1970,3,7,6.5,-1.8
sdi,1920,5,22,21.2,10.3
sdi,1970,3,6,5.8,-2.9
sdi,1920,5,23,18.6,10.7
sdi,1970,3,9,9.9,-0.2
sdi,1920,5,24,17.7,10.6
sdi,1970,3,8,8.3,-0.5
sdi,1920,5,25,18.4,8.6
sdi,1970,3,3,5.8,-2.1
sdi,1920,5,26,20.3,10.4
sdi,1970,3,2,5.6,-1.8
sdi,1920,5,27,19.1,9.0
sdi,1970,3,5,6.1,-1.8
sdi,1920,5,28,21.5,8.6
sdi,1970,3,4,5.7,-1.3
sdi,1970,3,21,8.9,-0.1
sdi,2000,5,20,20.5,13.1
sdi,1970,3,20,9.7,0.2
sdi,1970,3,23,9.3,0.1
sdi,1970,3,22,8.5,-0.4
sdi,1920,5,20,20.7,9.3
sdi,2000,5,28,20.9,13.2
sdi,2000,5,27,21.0,13.3
sdi,2000,5,26,21.8,11.9
sdi,2000,5,25,20.5,12.0
sdi,2000,5,24,20.1,12.5
sdi,2000,5,23,20.9,13.0
sdi,2000,5,22,20.1,11.7
sdi,2000,5,21,21.6,11.9
sdi,1920,5,18,17.6,10.0
sdi,1920,5,19,20.4,9.2
sdi,2000,5,19,20.8,13.0
sdi,2000,5,18,20.1,12.1
sdi,1920,5,10,15.2,8.1
sdi,1970,3,18,9.6,-0.3
sdi,1920,5,11,19.4,7.5
sdi,1970,3,17,8.2,0.4
sdi,1920,5,12,16.9,8.7
sdi,1920,5,13,17.5,9.2
sdi,1970,3,19,7.4,-0.1
sdi,1920,5,14,17.6,11.3
sdi,1970,3,14,8.3,-1.3
sdi,1920,5,15,17.7,11.2
sdi,1970,3,13,7.2,-1.7
sdi,1920,5,16,18.5,10.6
sdi,1970,3,16,9.3,0.4
sdi,1920,5,17,19.7,8.8
sdi,1970,3,15,9.0,-0.7
sdi,2000,5,31,20.1,14.6
sdi,2000,5,30,21.7,14.4
sdi,1920,5,7,17.5,6.7
sdi,1920,5,8,17.4,8.5
sdi,1920,5,9,17.1,7.2
sdi,2000,5,29,20.1,13.4
sdi,1920,5,1,19.2,9.0
sdi,1920,5,2,17.1,7.4
sdi,1920,5,3,10.1,5.6
sdi,1920,5,4,13.9,7.1
sdi,1920,5,5,16.8,4.8
sdi,1920,5,6,16.6,5.4
sdi,1970,3,1,6.2,-1.7
sdi,1960,4,30,18.4,8.7
sdi,1960,4,28,17.5,7.7
sdi,1960,4,29,17.8,7.5
sdi,1960,4,24,16.0,7.4
sdi,1960,4,25,15.9,7.1
sdi,1960,4,26,18.0,6.7
sdi,1960,4,27,18.4,8.3
sdi,1980,2,1,4.3,-2.1
sdi,1980,2,22,4.2,-2.8
sdi,1970,3,31,12.4,2.8
sdi,1980,2,23,5.6,-2.4
sdi,1980,2,20,6.3,-1.9
sdi,1980,2,21,5.5,-1.6
sdi,1970,3,30,12.5,3.7
sdi,1970,3,29,12.0,1.9
sdi,1980,2,19,3.9,-1.8
sdi,1970,3,28,10.9,1.0
sdi,1980,2,17,3.3,-2.6
sdi,1980,2,18,4.3,-2.3
sdi,1970,3,25,8.4,-0.5
sdi,1980,2,15,4.3,-3.2
sdi,1970,3,24,8.6,0.1
sdi,1980,2,16,4.8,-2.0
sdi,1970,3,27,10.7,0.8
sdi,1980,2,13,5.2,-2.2
sdi,1970,3,26,9.3,0.2
sdi,1980,2,14,4.5,-2.1
sdi,1980,2,11,5.1,-2.2
sdi,1980,2,12,5.9,-2.7
sdi,1980,2,10,5.5,-1.9
sdi,1980,2,8,3.6,-4.3
sdi,1980,2,9,4.3,-3.1
sdi,1980,2,6,4.4,-2.9
sdi,1980,2,7,3.9,-3.8
sdi,1980,2,4,3.0,-3.4
sdi,1980,2,5,4.5,-3.2
sdi,1980,2,2,4.3,-3.3
sdi,1980,2,3,3.2,-3.5
sdi,2020,2,20,10.8,0.5
sdi,2020,2,21,6.6,-0.5
sdi,1970,12,9,8.2,0.7
sdi,2020,2,22,8.2,0.5
sdi,1970,12,8,8.8,0.5
sdi,2020,2,23,7.1,-0.4
sdi,2020,2,24,7.2,0.3
sdi,2020,2,25,8.3,-0.1
sdi,2020,2,26,8.0,0.3
sdi,2020,2,27,8.7,0.7
sdi,1970,12,3,10.4,1.1
sdi,1970,12,2,9.6,0.9
sdi,1970,12,1,8.5,1.1
sdi,1970,12,7,8.5,1.0
sdi,1970,12,6,9.5,2.0
sdi,1970,12,5,9.9,1.8
sdi,1970,12,4,9.5,0.5
sdi,1970,12,10,8.1,0.2
sdi,2020,2,17,8.2,-0.4
sdi,2020,2,18,9.0,0.9
sdi,2020,2,19,10.1,2.4
sdi,1920,2,25,3.1,-5.7
sdi,1920,2,24,2.5,-3.4
sdi,1920,2,23,9.3,-2.4
sdi,1920,2,22,8.2,-1.3
sdi,1920,2,21,6.5,-3.2
sdi,1920,2,20,3.3,-4.9
sdi,2020,2,28,10.4,-0.5
sdi,2020,2,29,9.6,1.8
sdi,1920,2,29,3.7,-5.0
sdi,1920,2,28,2.9,-5.7
sdi,1920,2,27,3.1,-6.9
sdi,1920,2,26,4.3,-4.4
sdi,2020,2,1,8.9,-1.3
sdi,2020,2,2,7.1,-0.7
sdi,2020,2,3,5.3,-1.4
sdi,2020,2,4,6.0,-2.0
sdi,2020,2,5,5.8,-2.1
sdi,1920,2,14,4.1,-5.0
sdi,1920,2,13,3.2,-4.3
sdi,1920,2,12,3.8,-6.4
sdi,1920,2,11,2.3,-6.5
sdi,1920,2,10,3.9,-7.1
sdi,1920,2,19,3.5,-3.2
sdi,1920,2,18,3.0,-3.6
sdi,1920,2,17,4.7,-3.3
sdi,1920,2,16,5.0,-3.5
sdi,1920,2,15,4.8,-3.1
sdi,2020,2,10,4.6,-1.7
sdi,2020,2,11,6.8,-0.4
sdi,2020,2,12,9.3,-1.7
sdi,2020,2,13,10.5,0.7
sdi,2020,2,14,12.1,2.2
sdi,2020,2,15,10.3,2.9
sdi,2020,2,16,9.2,0.5
sdi,1920,2,3,3.2,-5.5
sdi,1920,2,2,4.3,-6.5
sdi,1920,2,1,1.8,-6.4
sdi,2020,2,6,5.1,-1.4
sdi,2020,2,7,8.5,-1.3
sdi,1920,2,9,2.5,-5.4
sdi,2020,2,8,6.8,-1.4
sdi,1920,2,8,2.0,-5.3
sdi,2020,2,9,5.0,-1.9
sdi,1920,2,7,6.5,-4.0
sdi,1920,2,6,4.6,-2.9
sdi,1920,2,5,3.6,-4.5
sdi,1920,2,4,4.9,-5.0
sdi,2010,3,30,13.6,3.7
sdi,2010,3,31,12.1,3.0
sdi,2010,3,29,14.5,3.3
sdi,2010,3,28,13.9,3.1
sdi,1980,11,9,14.8,5.4
sdi,1980,11,8,15.2,7.0
sdi,1980,11,3,15.5,6.7
sdi,2010,3,27,12.3,1.9
sdi,1980,11,2,14.5,6.7
sdi,2010,3,26,12.2,2.5
sdi,1980,11,1,15.5,7.0
sdi,2010,3,25,11.0,1.5
sdi,2010,3,24,9.5,0.8
sdi,1980,11,7,15.2,7.6
sdi,2010,3,23,9.9,2.1
sdi,1980,11,6,14.3,7.5
sdi,2010,3,22,11.7,1.8
sdi,1980,11,5,16.2,7.2
sdi,2010,3,21,9.7,2.5
sdi,1980,11,4,16.7,6.1
sdi,2010,3,20,12.0,3.4
sdi,1980,11,10,14.1,5.8
sdi,2010,3,19,13.3,4.0
sdi,2010,3,18,12.0,2.4
sdi,2010,3,17,10.3,1.1
sdi,1970,12,25,6.7,-1.2
sdi,2010,3,16,12.3,1.0
sdi,1970,12,24,6.6,-1.4
sdi,2010,3,15,9.6,0.9
sdi,1970,12,23,6.0,-1.1
sdi,2010,3,14,10.4,1.6
sdi,1970,12,22,7.0,-1.2
sdi,2010,3,13,10.2,1.0
sdi,1970,12,29,6.1,-1.7
sdi,2010,3,12,8.8,0.4
sdi,1970,12,28,6.4,-1.5
sdi,2010,3,11,7.1,-0.3
sdi,1970,12,27,6.7,-1.0
sdi,2010,3,10,8.0,-0.3
sdi,1970,12,26,6.0,-1.1
sdi,2010,3,9,8.8,1.6
sdi,1970,12,31,6.7,-1.0
sdi,2010,3,8,8.8,1.4
sdi,1970,12,30,6.6,-2.0
sdi,2010,3,7,8.8,1.2
sdi,2010,3,6,10.6,1.7
sdi,1970,12,19,6.3,-0.7
sdi,1970,12,14,8.4,-0.3
sdi,2010,3,5,9.7,1.0
sdi,1970,12,13,8.0,-0.5
sdi,2010,3,4,9.5,0.0
sdi,1970,12,12,8.4,-0.0
sdi,2010,3,3,7.6,0.0
sdi,1970,12,11,7.8,-0.3
sdi,2010,3,2,6.1,0.7
sdi,1970,12,18,8.6,0.1
sdi,2010,3,1,8.7,0.7
sdi,1970,12,17,9.9,1.0
sdi,1970,12,16,8.1,-0.4
sdi,1970,12,15,8.7,0.2
sdi,1970,12,21,6.8,-1.0
sdi,1970,12,20,6.7,-1.1
sdi,1960,1,31,5.2,-2.9
sdi,1960,1,30,4.4,-3.3
sdi,1960,1,29,3.9,-2.8
sdi,1960,1,24,4.0,-3.3
sdi,1960,1,23,5.0,-3.5
sdi,1960,1,22,5.9,-3.5
sdi,1960,1,21,5.3,-3.3
sdi,1960,1,28,4.8,-3.0
sdi,1960,1,27,6.5,-2.2
sdi,1960,1,26,6.2,-3.0
sdi,1960,1,25,4.5,-3.4
sdi,1960,1,20,5.1,-3.0
sdi,1950,2,9,8.1,-2.1
sdi,1950,2,7,5.2,-2.6
sdi,1960,1,19,4.6,-2.9
sdi,1950,2,8,5.6,-2.2
sdi,1960,1,18,5.3,-3.8
sdi,1950,2,1,2.9,-4.1
sdi,1960,1,13,6.3,-2.6
sdi,1950,2,2,4.3,-4.1
sdi,1960,1,12,5.7,-2.2
sdi,1960,1,11,6.5,-1.8
sdi,1960,1,10,5.2,-2.2
sdi,1950,2,5,5.6,-2.5
sdi,1960,1,17,4.8,-4.6
sdi,1950,2,6,5.8,-3.2
sdi,1960,1,16,3.2,-4.0
sdi,1950,2,3,5.3,-3.3
sdi,1960,1,15,4.0,-4.2
sdi,1950,2,4,4.7,-3.3
sdi,1960,1,14,6.2,-3.1
sdi,1950,2,20,6.3,-3.1
sdi,2000,2,2,4.8,-1.9
sdi,2000,2,3,5.4,-1.9
sdi,2000,2,1,4.6,-1.5
sdi,1960,1,9,6.2,-2.8
sdi,1950,2,18,5.2,-2.4
sdi,1960,1,8,5.3,-2.2
sdi,1950,2,19,5.9,-3.8
sdi,1960,1,7,6.3,-1.7
sdi,1950,2,12,5.9,-1.5
sdi,1960,1,2,6.0,-3.3
sdi,1950,2,13,5.4,-2.4
sdi,1960,1,1,4.5,-1.9
sdi,1950,2,10,7.0,-1.0
sdi,1950,2,11,5.4,-1.4
sdi,1950,2,16,4.8,-1.9
sdi,1960,1,6,6.0,-2.1
sdi,1950,2,17,6.2,-1.9
sdi,1960,1,5,6.5,-1.6
sdi,1950,2,14,4.3,-2.1
sdi,1960,1,4,6.4,-2.2
sdi,1950,2,15,6.1,-2.4
sdi,1960,1,3,5.6,-2.5
sdi,2000,2,13,5.4,-2.3
sdi,2000,2,14,7.4,-0.9
sdi,2000,2,11,5.0,-1.3
sdi,2000,2,12,5.3,-1.7
sdi,2000,2,10,7.4,-1.1
sdi,1950,2,29,3.5,-2.6
sdi,2000,2,8,6.6,-0.4
sdi,2000,2,9,6.6,-1.5
sdi,2000,2,6,6.6,-1.1
sdi,2000,2,7,6.3,-0.8
sdi,2000,2,4,5.3,-2.1
sdi,2000,2,5,5.4,-2.3
sdi,1950,2,23,7.6,-2.6
sdi,1950,2,24,7.3,-2.1
sdi,1950,2,21,5.2,-3.5
sdi,1950,2,22,7.3,-2.8
sdi,1950,2,27,5.9,-2.2
sdi,1950,2,28,6.7,-1.7
sdi,1950,2,25,7.6,-2.0
sdi,1950,2,26,8.4,-1.8
sdi,1950,11,30,9.3,1.0
sdi,2000,2,24,4.4,-1.4
sdi,2000,2,25,6.7,-1.8
sdi,2000,2,22,9.9,-0.0
sdi,2000,2,23,9.4,0.4
sdi,2000,2,20,7.5,-0.5
sdi,2000,2,21,7.5,-0.8
sdi,2000,2,19,6.2,-1.2
sdi,2000,2,17,6.2,-1.8
sdi,2000,2,18,6.3,-1.5
sdi,2000,2,15,7.7,-0.6
sdi,2000,2,16,4.8,-1.7
sdi,1950,11,27,10.5,1.1
sdi,1950,11,28,9.8,2.0
sdi,1950,11,29,10.6,1.7
sdi,1950,11,20,11.3,2.5
sdi,1950,11,21,12.6,2.0
sdi,1950,11,22,13.3,2.2
sdi,1950,11,23,12.9,2.5
sdi,1950,11,24,13.1,2.7
sdi,1950,11,25,10.8,2.5
sdi,1950,11,26,11.5,2.0
sdi,2000,2,28,7.6,-0.6
sdi,2000,2,29,10.1,-0.4
sdi,2000,2,26,7.4,-0.8
sdi,2000,2,27,6.6,-1.2
sdi,1960,10,6,20.7,12.0
sdi,1960,10,5,21.0,12.0
sdi,1960,10,8,20.5,10.1
sdi,1960,10,7,18.3,11.6
sdi,1960,10,9,20.4,10.3
sdi,1960,10,2,20.2,12.8
sdi,1960,10,1,22.2,12.9
sdi,1960,10,4,20.0,12.6
sdi,1960,10,3,20.0,11.6
sdi,1960,10,17,19.2,10.9
sdi,1960,10,16,19.8,9.7
sdi,1960,10,19,19.0,8.4
sdi,1960,10,18,18.3,9.4
sdi,1960,10,11,19.1,9.9
sdi,1960,10,10,19.2,10.4
sdi,1960,10,13,19.9,9.7
sdi,1960,10,12,20.3,9.9
sdi,1960,10,15,19.7,11.0
sdi,1960,10,14,19.3,11.0
sdi,1960,9,30,22.7,12.6
sdi,1960,9,29,21.6,12.7
sdi,1960,9,28,21.9,13.7
sdi,1960,9,27,21.6,13.2
sdi,1960,9,26,22.6,14.1
sdi,1920,11,1,14.9,4.0
sdi,1960,9,25,22.1,14.6
sdi,1960,9,24,23.5,15.4
sdi,1960,9,23,23.9,15.3
sdi,1960,9,22,24.0,15.3
sdi,1960,9,21,24.2,15.2
sdi,1920,11,6,14.8,6.0
sdi,1960,9,20,23.8,14.7
sdi,1920,11,7,15.0,6.4
sdi,1920,11,8,13.5,4.7
sdi,1920,11,9,17.0,3.0
sdi,1920,11,2,14.3,3.1
sdi,1920,11,3,15.9,3.8
sdi,1920,11,4,15.6,3.6
sdi,1920,11,5,16.7,5.8
sdi,1960,9,19,24.1,14.9
sdi,1960,9,18,22.9,16.6
sdi,1940,12,26,4.9,-3.3
sdi,1950,11,16,12.8,3.5
sdi,1960,9,17,24.5,18.2
sdi,1920,11,10,11.9,1.9
sdi,1940,12,25,4.7,-2.9
sdi,1950,11,17,12.0,3.1
sdi,1960,9,16,24.1,17.8
sdi,1920,11,11,11.2,3.6
sdi,1940,12,24,6.7,-1.8
sdi,1950,11,18,12.6,2.4
sdi,1960,9,15,24.3,17.3
sdi,1920,11,12,14.2,3.6
sdi,1940,12,23,5.9,-2.1
sdi,1950,11,19,12.0,2.0
sdi,1960,9,14,24.3,16.9
sdi,1940,12,22,8.2,-1.1
sdi,1960,9,13,25.7,17.2
sdi,1940,12,21,7.4,-2.5
sdi,1960,9,12,24.5,16.7
sdi,1940,12,20,6.1,-1.9
sdi,1960,9,11,26.1,17.3
sdi,1960,9,10,26.7,17.8
sdi,1920,11,17,13.0,3.5
sdi,1920,11,18,12.9,3.0
sdi,1920,11,19,13.4,3.6
sdi,1950,11,10,14.4,3.5
sdi,1950,11,11,14.4,5.6
sdi,1920,11,13,13.8,3.8
sdi,1950,11,12,14.7,5.0
sdi,1920,11,14,16.7,4.9
sdi,1940,12,29,3.9,-3.8
sdi,1950,11,13,12.7,4.0
sdi,1920,11,15,13.5,5.9
sdi,1940,12,28,5.2,-2.2
sdi,1950,11,14,12.5,3.6
sdi,2020,5,30,23.9,14.0
sdi,1920,11,16,14.0,5.9
sdi,1940,12,27,4.6,-2.3
sdi,1950,11,15,13.1,2.0
sdi,2020,5,31,22.1,14.1
sdi,1960,9,9,24.6,18.3
sdi,1960,9,8,25.6,16.8
sdi,1960,9,7,26.0,18.1
sdi,1920,11,20,13.0,2.9
sdi,1950,11,5,17.2,6.9
sdi,1960,9,6,25.8,19.3
sdi,1920,11,21,10.3,2.8
sdi,1950,11,6,16.1,7.0
sdi,1960,9,5,26.4,19.6
sdi,1920,11,22,10.1,1.8
sdi,1950,11,7,14.8,7.1
sdi,1960,9,4,26.0,20.0
sdi,1920,11,23,9.3,0.3
sdi,1950,11,8,15.7,5.7
sdi,1960,9,3,26.3,19.6
sdi,1950,11,9,13.7,4.5
sdi,1960,9,2,27.0,19.9
sdi,1960,9,1,28.0,19.3
sdi,1940,12,31,6.1,-2.6
sdi,1940,12,30,4.6,-3.8
sdi,1920,11,28,12.3,2.8
sdi,1920,11,29,9.5,1.7
sdi,1920,11,24,13.4,0.2
sdi,1950,11,1,16.6,7.6
sdi,1920,11,25,13.0,2.0
sdi,1950,11,2,16.7,7.6
sdi,1920,11,26,16.1,3.1
sdi,1950,11,3,17.0,7.6
sdi,1920,11,27,11.9,3.3
sdi,1950,11,4,18.9,7.3
sdi,1940,12,4,8.2,0.8
sdi,2020,5,14,23.3,12.6
sdi,1940,12,3,9.5,1.1
sdi,2020,5,15,20.8,12.6
sdi,1940,12,2,10.0,1.6
sdi,2020,5,12,21.5,12.2
sdi,1940,12,1,9.4,0.5
sdi,2020,5,13,21.0,12.5
sdi,2020,5,18,24.3,13.1
sdi,2020,5,19,21.3,12.4
sdi,2020,5,16,19.8,14.2
sdi,1920,11,30,10.6,2.4
sdi,2020,5,17,24.1,13.7
sdi,1940,12,9,6.3,-1.3
sdi,1940,12,8,7.4,-1.3
sdi,2020,5,10,22.1,9.8
sdi,1940,12,7,8.4,0.1
sdi,2020,5,11,23.1,12.1
sdi,1940,12,6,8.7,-0.6
sdi,1940,12,5,9.6,1.1
sdi,1990,9,1,28.6,21.2
sdi,1990,9,4,28.1,20.2
sdi,1990,9,5,26.2,19.6
sdi,1990,9,2,28.6,20.8
sdi,2020,5,9,19.7,9.8
sdi,1990,9,3,28.3,20.7
sdi,1990,9,8,24.6,18.7
sdi,1990,9,9,25.5,19.0
sdi,1990,9,6,25.3,19.5
sdi,1990,9,7,23.8,19.4
sdi,1940,12,15,6.3,-2.6
sdi,2020,5,25,24.5,13.6
sdi,1940,12,14,5.5,-2.7
sdi,2020,5,26,22.8,14.2
sdi,1940,12,13,6.9,-1.8
sdi,2020,5,23,20.0,12.9
sdi,1940,12,12,6.1,-1.3
sdi,2020,5,24,23.3,13.4
sdi,1940,12,11,6.7,-1.7
sdi,2020,5,29,25.9,14.7
sdi,1940,12,10,8.3,-0.6
sdi,2020,5,27,23.4,15.9
sdi,2020,5,28,23.6,14.8
sdi,1940,12,19,5.4,-2.3
sdi,2020,5,21,19.7,13.5
sdi,1940,12,18,5.5,-3.2
sdi,2020,5,22,19.8,12.7
sdi,1940,12,17,6.3,-2.7
sdi,1940,12,16,5.7,-2.7
sdi,2020,5,20,20.2,13.5
sdi,1980,11,19,11.9,3.6
sdi,1990,10,8,19.7,13.7
sdi,1990,10,9,21.0,12.6
sdi,1980,11,14,13.2,4.0
sdi,1990,10,4,21.2,14.9
sdi,1980,11,13,14.2,5.0
sdi,1990,10,5,21.2,13.9
sdi,1980,11,12,14.7,5.4
sdi,1990,10,6,20.9,13.1
sdi,1980,11,11,13.9,5.9
sdi,1990,10,7,20.1,13.6
sdi,1980,11,18,11.8,3.2
sdi,1980,11,17,12.3,4.4
sdi,1990,10,1,22.1,15.3
sdi,1980,11,16,12.8,4.5
sdi,1990,10,2,23.0,15.5
sdi,1980,11,15,11.2,3.3
sdi,1990,10,3,22.9,14.5
sdi,1990,10,10,20.7,11.3
sdi,1980,11,21,12.8,3.7
sdi,1990,9,22,22.1,15.6
sdi,1980,11,20,12.1,3.6
sdi,1990,9,23,22.4,15.6
sdi,1990,9,20,24.7,17.1
sdi,1990,9,21,22.6,16.2
sdi,1990,9,26,22.5,16.1
sdi,1990,9,27,21.8,15.4
sdi,1990,9,24,22.8,16.2
sdi,1990,9,25,24.5,17.1
sdi,1990,9,28,23.6,15.1
sdi,1990,9,29,22.1,14.8
sdi,2020,5,3,20.7,9.3
sdi,2020,5,4,24.8,10.6
sdi,2020,5,1,19.0,11.1
sdi,2020,5,2,20.4,10.1
sdi,2020,5,7,20.1,11.1
sdi,2020,5,8,19.5,8.9
sdi,2020,5,5,23.1,12.0
sdi,2020,5,6,21.5,13.8
sdi,1980,11,25,9.6,2.6
sdi,1980,11,24,11.6,3.0
sdi,1980,11,23,12.3,3.7
sdi,1980,11,22,12.3,4.7
sdi,1980,11,29,9.8,1.2
sdi,1980,11,28,9.2,1.5
sdi,2010,6,30,25.0,18.8
sdi,1980,11,27,9.1,1.7
sdi,1980,11,26,9.1,1.9
sdi,1990,9,11,26.3,19.3
sdi,1990,9,12,26.3,18.3
sdi,1980,11,30,10.1,1.9
sdi,1990,9,10,26.1,18.4
sdi,1990,9,15,22.9,17.3
sdi,1990,9,16,23.8,17.1
sdi,1990,9,13,23.3,17.6
sdi,1990,9,14,22.6,17.7
sdi,1990,9,19,25.0,17.8
sdi,1990,9,17,23.4,17.9
sdi,1990,9,18,24.5,18.0
sdi,2010,6,24,25.3,17.5
sdi,2010,6,23,25.2,17.8
sdi,2010,6,26,25.2,18.1
sdi,2010,6,25,25.1,18.2
sdi,2010,6,28,23.8,17.8
sdi,2010,6,27,24.7,18.0
sdi,2010,6,29,24.7,17.7
sdi,1990,10,26,18.0,9.3
sdi,1990,10,27,16.8,8.9
sdi,1990,10,28,18.2,8.5
sdi,1990,10,29,19.0,9.7
sdi,1990,10,22,18.9,9.9
sdi,2010,6,20,24.6,17.7
sdi,1990,10,23,17.4,9.4
sdi,1990,10,24,17.9,9.3
sdi,2010,6,22,25.8,18.4
sdi,1990,10,25,18.5,9.6
sdi,2010,6,21,25.4,18.1
sdi,1930,1,25,4.6,-4.6
sdi,1930,1,24,4.2,-4.3
sdi,1990,10,30,19.5,10.4
sdi,1930,1,23,4.3,-3.5
sdi,1990,10,31,16.7,10.3
sdi,1930,1,22,5.0,-4.2
sdi,1930,1,21,4.8,-4.8
sdi,1930,1,20,3.0,-4.1
sdi,1930,1,29,5.5,-3.9
sdi,1930,1,28,4.7,-6.0
sdi,1930,1,27,2.7,-5.3
sdi,1930,1,26,4.9,-3.5
sdi,2010,6,13,23.4,15.6
sdi,2010,6,12,21.3,16.0
sdi,2010,6,15,22.2,16.1
sdi,2010,6,14,22.9,16.1
sdi,1990,10,19,19.3,10.9
sdi,2010,6,17,24.1,16.6
sdi,2010,6,16,22.4,16.0
sdi,2010,6,19,24.0,17.8
sdi,2010,6,18,24.2,17.4
sdi,1990,10,15,20.3,13.0
sdi,1990,10,16,20.3,12.4
sdi,1990,10,17,19.4,12.0
sdi,1990,10,18,20.2,11.0
sdi,1990,10,11,19.3,11.2
sdi,1990,10,12,19.6,12.2
sdi,1990,10,13,20.9,14.0
sdi,2010,6,11,22.7,16.0
sdi,1990,10,14,21.0,13.6
sdi,2010,6,10,24.0,16.2
sdi,1990,9,30,23.3,15.8
sdi,1990,10,20,19.1,10.6
sdi,1990,10,21,18.7,9.7
sdi,1930,1,31,4.8,-4.2
sdi,1930,1,30,4.3,-2.8
sdi,2010,6,9,22.9,16.0
sdi,2010,6,2,22.1,13.9
sdi,2010,6,1,22.0,13.8
sdi,2010,6,4,23.6,14.9
sdi,2010,6,3,22.5,14.4
sdi,2010,6,6,22.6,14.6
sdi,2010,6,5,23.7,15.3
sdi,2010,6,8,23.1,16.5
sdi,2010,6,7,23.7,15.0
sdi,1930,1,3,5.0,-2.8
sdi,1930,1,2,4.7,-2.4
sdi,1930,1,1,4.5,-3.0
sdi,1930,1,9,2.5,-4.2
sdi,1930,1,8,4.2,-3.9
sdi,1930,1,7,5.0,-4.8
sdi,1930,1,6,3.4,-4.3
sdi,1930,1,5,5.1,-4.1
sdi,1930,1,4,4.6,-3.8
sdi,1930,1,14,3.3,-5.3
sdi,1930,1,13,2.5,-5.0
sdi,1930,1,12,3.4,-4.9
sdi,1930,1,11,3.5,-5.4
sdi,1930,1,10,4.0,-5.6
sdi,1930,1,19,4.4,-5.1
sdi,1930,1,18,3.3,-6.0
sdi,1930,1,17,2.9,-3.9
sdi,1930,1,16,3.4,-4.3
sdi,1930,1,15,4.0,-4.3
sdi,1940,8,22,28.1,20.7
sdi,1990,6,8,20.5,14.3
sdi,1940,8,23,27.8,21.1
sdi,1990,6,7,19.4,13.5
sdi,1940,8,24,28.4,21.6
sdi,1940,8,25,28.1,21.3
sdi,1990,6,9,20.9,15.0
sdi,1940,8,20,28.4,21.1
sdi,1940,8,21,28.4,21.0
sdi,1940,8,19,28.0,21.3
sdi,1990,6,11,22.5,15.5
sdi,1990,6,10,22.1,15.0
sdi,1990,6,13,22.9,16.0
sdi,1990,6,12,23.3,15.8
sdi,1940,8,15,29.0,21.3
sdi,1990,6,15,23.3,16.4
sdi,1940,8,16,30.1,21.6
sdi,1990,6,14,23.3,16.5
sdi,1940,8,17,28.2,21.1
sdi,1990,6,17,23.6,16.3
sdi,1940,8,18,28.1,21.2
sdi,1990,6,16,23.5,16.6
sdi,1940,8,11,27.8,20.2
sdi,1940,8,12,28.8,20.4
sdi,1940,8,13,28.7,20.5
sdi,1940,8,14,28.9,21.6
sdi,1940,8,10,29.5,20.7
sdi,1940,8,8,28.4,21.7
sdi,1940,8,9,28.6,21.5
sdi,1990,6,2,20.8,13.1
sdi,1990,6,1,22.0,13.6
sdi,1940,8,4,28.0,21.0
sdi,1990,6,4,22.7,15.2
sdi,1940,8,5,29.1,21.1
sdi,1990,6,3,22.0,14.7
sdi,1940,8,6,28.2,21.3
sdi,1990,6,6,19.5,13.7
sdi,1940,8,7,28.7,21.5
sdi,1990,6,5,22.2,14.5
sdi,1990,6,29,23.2,16.5
sdi,1990,6,30,23.0,16.6
sdi,1990,6,19,21.3,16.2
sdi,1930,10,31,17.1,5.6
sdi,1950,7,1,26.2,18.4
sdi,1990,6,18,22.0,15.7
sdi,1950,7,2,24.4,18.1
sdi,1950,7,3,23.2,18.2
sdi,1940,8,30,26.6,19.6
sdi,1930,10,30,17.4,7.1
sdi,1940,8,31,25.8,19.1
sdi,1990,6,20,22.2,16.8
sdi,1990,6,22,21.6,15.6
sdi,1990,6,21,21.6,15.9
sdi,1990,6,24,21.6,16.3
sdi,1990,6,23,20.7,15.1
sdi,1940,8,26,26.7,20.9
sdi,1990,6,26,24.1,17.7
sdi,1940,8,27,28.1,20.5
sdi,1990,6,25,23.1,17.3
sdi,1940,8,28,27.6,20.7
sdi,1990,6,28,23.3,16.7
sdi,1940,8,29,27.9,20.3
sdi,1990,6,27,24.5,17.8
sdi,1930,10,21,16.8,7.8
sdi,1930,10,20,17.0,8.4
sdi,1930,9,30,23.4,13.7
sdi,1930,10,23,17.4,6.3
sdi,1930,10,22,17.4,7.0
sdi,1930,10,29,19.1,7.0
sdi,1930,10,28,18.3,6.0
sdi,1930,10,25,17.7,6.5
sdi,1930,10,24,18.2,6.5
sdi,1930,10,27,17.6,7.1
sdi,1930,10,26,17.1,7.4
sdi,1930,9,29,22.1,13.6
sdi,1930,9,28,23.5,14.2
sdi,1930,9,27,23.2,14.1
sdi,1930,9,26,23.4,13.9
sdi,1930,10,10,19.0,9.8
sdi,1930,10,12,18.8,9.3
sdi,1930,10,11,20.8,8.9
sdi,1930,10,18,17.1,7.2
sdi,1930,10,17,17.9,9.3
sdi,1930,10,19,17.5,7.8
sdi,1930,10,14,21.4,10.7
sdi,1930,10,13,19.2,8.8
sdi,1930,10,16,17.8,10.0
sdi,1930,10,15,20.4,9.4
sdi,1930,9,10,26.1,18.8
sdi,1940,8,1,27.8,20.8
sdi,1930,10,1,22.9,12.1
sdi,1940,8,2,27.3,21.3
sdi,1940,8,3,27.5,21.4
sdi,1930,9,14,25.2,16.8
sdi,1930,9,13,26.6,17.0
sdi,1930,9,12,25.7,17.5
sdi,1930,9,11,26.3,18.2
sdi,1930,10,7,19.9,10.7
sdi,1930,10,6,21.3,11.7
sdi,1930,10,9,20.8,10.3
sdi,1930,10,8,20.3,10.1
sdi,1930,10,3,21.7,12.5
sdi,1930,10,2,21.4,11.7
sdi,1930,10,5,21.8,12.3
sdi,1930,10,4,22.2,12.5
sdi,1930,9,7,26.7,17.9
sdi,1930,9,6,25.7,19.0
sdi,1930,9,5,26.3,18.7
sdi,1930,9,4,24.3,19.0
sdi,2000,11,1,17.8,9.1
sdi,1930,9,9,26.1,18.2
sdi,1930,9,8,26.8,17.4
sdi,1930,9,21,24.1,13.9
sdi,1930,9,20,23.0,14.3
sdi,1930,9,25,23.6,13.1
sdi,1930,9,24,22.2,13.3
sdi,1930,9,23,22.0,14.1
sdi,1930,9,22,22.6,13.7
sdi,1930,9,18,23.6,14.5
sdi,1930,9,17,22.7,15.6
sdi,1930,9,16,22.3,15.6
sdi,1930,9,15,24.0,16.0
sdi,1930,9,19,22.4,13.9
sdi,1970,8,28,26.9,20.0
sdi,2000,11,16,12.1,4.9
sdi,1970,8,27,28.0,20.1
sdi,2000,11,15,14.7,5.5
sdi,1970,8,26,25.0,19.8
sdi,2000,11,14,14.3,5.5
sdi,1970,8,25,25.5,19.2
sdi,2000,11,13,13.3,5.8
sdi,1970,8,24,26.2,20.4
sdi,1970,8,23,28.4,20.8
sdi,2000,11,19,10.3,3.3
sdi,1970,8,22,28.3,20.7
sdi,2000,11,18,12.7,4.4
sdi,1970,8,21,28.6,20.8
sdi,2000,11,17,12.0,4.5
sdi,1970,8,20,26.9,20.7
sdi,2000,11,23,11.7,2.6
sdi,2000,11,22,11.7,3.0
sdi,1970,8,19,28.5,20.8
sdi,2000,11,21,14.4,4.3
sdi,1970,8,18,27.0,20.7
sdi,2000,11,20,11.7,3.1
sdi,2000,11,5,17.2,7.2
sdi,2000,11,4,16.3,7.3
sdi,2000,11,3,15.4,8.2
sdi,2000,11,2,16.2,8.1
sdi,1930,9,3,26.1,19.7
sdi,2000,11,9,14.8,6.3
sdi,1930,9,2,26.3,18.9
sdi,2000,11,8,16.1,6.8
sdi,1930,9,1,25.3,19.3
sdi,2000,11,7,17.9,8.1
sdi,2000,11,6,17.6,9.0
sdi,1970,8,31,24.9,19.4
sdi,1970,8,30,26.3,20.1
sdi,2000,11,12,14.7,6.8
sdi,2000,11,11,14.9,7.5
sdi,2000,11,10,14.7,6.7
sdi,1970,8,29,27.6,20.0
sdi,1970,8,6,29.3,21.5
sdi,1970,8,5,30.2,22.2
sdi,1970,8,4,30.4,21.4
sdi,1970,8,3,29.3,21.8
sdi,1970,8,2,30.5,22.9
sdi,1970,8,1,30.6,23.0
sdi,1970,8,17,26.8,21.2
sdi,2000,11,27,11.7,4.7
sdi,1970,8,16,28.4,22.0
sdi,2000,11,26,14.1,4.0
sdi,1970,8,15,27.7,21.2
sdi,2000,11,25,13.2,4.8
sdi,1970,8,14,28.0,21.2
sdi,2000,11,24,12.9,3.1
sdi,1970,8,13,28.8,21.1
sdi,1970,8,12,28.6,20.8
sdi,1970,8,11,28.7,20.8
sdi,2000,11,29,11.1,3.9
sdi,1970,8,10,28.9,20.7
sdi,2000,11,28,10.3,4.1
sdi,2000,11,30,10.9,4.1
sdi,2010,10,1,25.1,15.7
sdi,1970,8,9,28.6,20.4
sdi,1970,8,8,29.0,20.5
sdi,1970,8,7,30.3,21.3
sdi,1960,10,28,18.4,10.0
sdi,1980,7,18,26.3,19.3
sdi,2010,10,6,21.7,15.3
sdi,1960,10,27,16.6,8.7
sdi,1980,7,19,26.4,19.5
sdi,2010,10,7,22.0,15.0
sdi,2010,10,8,22.5,14.1
sdi,1960,10,29,17.5,8.5
sdi,2010,10,9,22.3,13.9
sdi,2010,10,2,23.2,15.6
sdi,2010,10,3,23.3,15.7
sdi,2010,10,4,23.0,14.6
sdi,2010,10,5,21.4,13.7
sdi,1960,10,20,17.6,9.4
sdi,1960,10,22,17.8,8.6
sdi,1960,10,21,17.8,9.0
sdi,1960,10,24,17.1,7.3
sdi,1960,10,23,18.1,8.3
sdi,1960,10,26,17.1,8.2
sdi,1960,10,25,17.4,7.3
sdi,1980,7,20,24.4,19.5
sdi,1980,7,21,25.0,19.5
sdi,1980,7,22,25.7,19.8
sdi,2010,10,10,22.8,14.4
sdi,1980,7,23,26.7,19.9
sdi,2010,10,11,21.1,14.7
sdi,1980,7,24,27.6,20.1
sdi,2010,10,12,21.3,13.1
sdi,1980,7,25,26.3,20.1
sdi,1980,7,26,25.3,20.1
sdi,1980,7,27,25.6,20.1
sdi,1980,7,28,26.2,20.4
sdi,1980,7,29,26.5,20.9
sdi,2010,10,17,20.5,11.3
sdi,2010,10,18,19.4,11.2
sdi,2010,10,19,18.0,10.6
sdi,2010,10,13,20.5,12.4
sdi,2010,10,14,19.6,11.5
sdi,2010,10,15,20.4,12.2
sdi,2010,10,16,19.9,10.9
sdi,1960,10,31,17.5,8.3
sdi,1960,10,30,18.2,7.8
sdi,1980,7,30,27.1,21.0
sdi,1980,7,31,28.4,21.2
sdi,2010,10,20,19.8,11.5
sdi,2010,10,21,19.7,11.7
sdi,2010,10,22,17.9,11.5
sdi,2010,10,23,19.1,11.0
sdi,2010,10,28,16.3,9.5
sdi,2020,8,29,31.0,22.5
sdi,2010,10,29,18.0,9.7
sdi,2020,8,28,31.4,23.4
sdi,2020,8,27,31.8,24.7
sdi,2020,8,26,31.6,23.6
sdi,2010,10,24,18.2,11.2
sdi,2010,10,25,18.2,10.4
sdi,2010,10,26,19.5,9.4
sdi,2010,10,27,18.6,9.3
sdi,2020,8,21,30.4,24.2
sdi,2020,8,20,31.6,24.1
sdi,2020,8,25,30.1,23.5
sdi,2020,8,24,30.7,24.2
sdi,2020,8,23,32.0,24.4
sdi,2020,8,22,29.6,23.8
sdi,2010,10,31,17.2,8.8
sdi,1980,7,1,21.0,15.5
sdi,1980,7,2,20.2,15.2
sdi,1980,7,3,20.8,15.0
sdi,1980,7,4,22.6,17.0
sdi,1980,7,5,21.3,16.9
sdi,1980,7,6,23.5,17.2
sdi,2010,10,30,17.3,9.2
sdi,1980,7,7,23.2,17.3
sdi,1980,7,8,23.1,17.3
sdi,1980,7,9,23.4,17.9
sdi,2020,8,31,28.5,22.7
sdi,2020,8,30,28.8,22.1
sdi,1980,7,10,25.3,18.4
sdi,1980,7,11,24.6,18.6
sdi,1980,7,12,23.7,18.4
sdi,1980,7,13,24.1,18.0
sdi,1980,7,14,24.9,17.9
sdi,1980,7,15,23.4,18.5
sdi,1980,7,16,23.2,18.5
sdi,1980,7,17,23.2,18.6
sdi,1970,5,31,20.9,12.8
sdi,1970,5,30,20.3,12.9
sdi,1970,5,28,23.0,12.9
sdi,1970,5,29,20.3,11.9
sdi,1970,5,26,21.7,12.8
sdi,1970,5,27,22.8,13.5
sdi,1930,6,10,22.0,11.8
sdi,1930,6,11,21.4,12.8
sdi,2000,3,3,7.1,-0.2
sdi,2000,3,4,7.3,0.0
sdi,2000,3,1,6.9,-0.1
sdi,2000,3,2,8.1,-0.1
sdi,1930,6,9,20.2,12.7
sdi,1930,6,3,22.5,11.2
sdi,1930,6,4,21.9,11.4
sdi,1930,6,1,20.4,11.0
sdi,1930,6,2,21.7,12.4
sdi,1930,6,7,20.5,12.9
sdi,1930,6,8,21.2,12.4
sdi,1930,6,5,21.9,11.4
sdi,1930,6,6,22.0,11.8
sdi,1970,5,13,21.2,9.9
sdi,1970,5,14,20.0,11.6
sdi,1970,5,11,19.8,9.8
sdi,1970,5,12,21.1,9.8
sdi,1970,5,10,19.3,9.6
sdi,2000,3,14,9.6,-0.1
sdi,2000,3,15,11.2,1.5
sdi,2000,3,12,8.4,0.2
sdi,2000,3,13,7.6,-0.7
sdi,2010,9,30,24.1,16.2
sdi,2000,3,10,9.1,0.4
sdi,2000,3,11,9.7,0.3
sdi,2000,3,9,8.1,-0.4
sdi,2000,3,7,8.0,-0.2
sdi,2000,3,8,8.0,0.1
sdi,2000,3,5,8.1,-0.1
sdi,2000,3,6,8.4,0.1
sdi,1970,5,8,17.3,9.1
sdi,1970,5,9,18.7,10.2
sdi,1970,5,6,17.9,7.9
sdi,1970,5,7,17.6,8.6
sdi,1970,5,4,17.0,8.4
sdi,1970,5,5,17.8,8.6
sdi,1970,5,24,19.2,10.1
sdi,2010,9,28,23.6,14.8
sdi,1970,5,25,19.9,11.8
sdi,2010,9,29,23.7,15.5
sdi,1970,5,22,21.1,10.5
sdi,2010,9,26,23.7,15.0
sdi,1970,5,23,18.7,10.4
sdi,2010,9,27,23.1,15.2
sdi,1970,5,20,18.9,11.3
sdi,1970,5,21,20.3,10.4
sdi,2000,3,25,10.8,2.8
sdi,2010,9,20,24.0,16.9
sdi,2000,3,26,11.2,2.9
sdi,2010,9,21,24.1,16.1
sdi,2000,3,23,11.5,2.5
sdi,2000,3,24,10.6,2.8
sdi,2000,3,21,12.0,1.9
sdi,2010,9,24,24.1,16.2
sdi,2000,3,22,11.5,1.9
sdi,2010,9,25,23.2,16.3
sdi,2010,9,22,24.0,16.0
sdi,2000,3,20,11.0,1.7
sdi,2010,9,23,23.3,16.2
sdi,2000,3,18,12.1,1.9
sdi,2000,3,19,12.2,1.8
sdi,2000,3,16,10.8,1.3
sdi,2000,3,17,11.8,2.2
sdi,1970,5,19,20.6,11.4
sdi,1970,5,17,19.7,11.4
sdi,1970,5,18,21.2,11.2
sdi,1970,5,15,19.8,11.2
sdi,1970,5,16,18.8,10.7
sdi,2010,9,17,26.5,18.7
sdi,2010,9,18,26.4,18.2
sdi,2010,9,15,26.1,19.1
sdi,2010,9,16,25.5,19.3
sdi,2010,9,19,25.7,17.5
sdi,2010,9,10,28.0,20.0
sdi,2010,9,13,26.4,19.1
sdi,2010,9,14,26.2,19.1
sdi,2000,3,30,11.3,3.6
sdi,2010,9,11,25.4,19.6
sdi,2000,3,31,10.5,2.4
sdi,2010,9,12,26.5,19.1
sdi,1940,1,28,3.8,-5.1
sdi,1940,1,27,2.8,-5.2
sdi,1940,1,29,4.1,-5.1
sdi,2000,3,29,11.5,2.9
sdi,2000,3,27,11.3,2.8
sdi,2000,3,28,10.9,2.7
sdi,1940,1,20,7.1,-3.6
sdi,1940,1,22,7.2,-3.8
sdi,1940,1,21,6.4,-3.4
sdi,1940,1,24,4.9,-2.6
sdi,1940,1,23,5.6,-2.2
sdi,1940,1,26,3.8,-4.5
sdi,1940,1,25,4.1,-4.3
sdi,2010,9,6,28.5,21.0
sdi,2010,9,7,26.6,20.6
sdi,2010,9,4,28.1,21.4
sdi,2010,9,5,28.5,21.2
sdi,2010,9,8,25.8,20.3
sdi,2010,9,9,27.0,19.6
sdi,2010,9,2,27.3,21.3
sdi,2010,9,3,27.7,21.0
sdi,2010,9,1,28.2,21.5
sdi,1940,1,17,3.4,-5.5
sdi,1940,1,16,3.1,-4.5
sdi,1940,1,19,5.4,-4.6
sdi,1940,1,18,4.6,-4.2
sdi,1940,1,11,3.8,-3.9
sdi,1940,1,10,5.2,-4.6
sdi,1940,1,13,4.5,-4.2
sdi,1940,1,12,4.8,-3.5
sdi,1940,1,15,3.7,-2.3
sdi,1940,1,14,6.3,-3.5
sdi,1990,3,3,7.1,-0.8
sdi,1990,3,2,7.2,-0.1
sdi,1990,3,1,8.9,1.1
sdi,1940,1,31,4.3,-3.9
sdi,1940,1,30,5.1,-4.4
sdi,1920,12,2,13.0,1.6
sdi,1920,12,1,10.5,1.4
sdi,1980,12,9,9.4,1.3
sdi,1920,12,8,9.2,-1.2
sdi,1980,12,5,10.2,2.2
sdi,1920,12,7,7.8,-0.9
sdi,1980,12,6,8.4,0.3
sdi,1980,12,7,9.1,0.4
sdi,1920,12,9,5.5,-1.6
sdi,1980,12,8,9.4,1.4
sdi,1920,12,4,9.4,-0.4
sdi,1980,12,1,9.2,2.3
sdi,1920,12,3,9.2,2.4
sdi,1980,12,2,9.7,2.3
sdi,1920,12,6,8.8,-0.3
sdi,1980,12,3,10.1,2.2
sdi,1920,12,5,8.0,-1.1
sdi,1980,12,4,11.3,1.8
sdi,1980,12,10,8.8,1.5
sdi,1980,12,11,10.9,1.5
sdi,1920,12,11,9.3,0.7
sdi,1920,12,10,7.8,-0.9
sdi,1920,12,13,9.5,1.4
sdi,1920,12,12,7.3,0.5
sdi,1920,12,19,3.9,-3.8
sdi,1980,12,16,6.7,0.4
sdi,1920,12,18,6.4,-1.9
sdi,1980,12,17,5.8,-0.5
sdi,1980,12,18,5.5,-0.9
sdi,1980,12,19,6.3,-0.8
sdi,1920,12,15,8.4,1.3
sdi,1980,12,12,9.7,1.9
sdi,1920,12,14,8.0,0.1
sdi,1980,12,13,7.8,0.5
sdi,1920,12,17,8.9,2.2
sdi,1980,12,14,7.0,0.3
sdi,1920,12,16,9.0,0.6
sdi,1980,12,15,6.5,-0.2
sdi,1980,12,20,6.3,-0.4
sdi,1980,12,21,7.0,-0.4
sdi,1980,12,22,6.6,-0.6
sdi,1920,12,22,5.1,-2.9
sdi,2020,4,23,16.8,7.7
sdi,1920,12,21,5.8,-3.8
sdi,2020,4,22,18.4,9.4
sdi,1920,12,24,6.4,-3.3
sdi,2020,4,25,19.0,8.4
sdi,1920,12,23,5.9,-1.9
sdi,2020,4,24,16.1,7.2
sdi,2020,4,27,19.6,9.2
sdi,2020,4,26,18.6,10.7
sdi,1920,12,20,4.4,-5.0
sdi,2020,4,29,19.0,9.5
sdi,2020,4,28,21.0,8.7
sdi,1920,12,29,4.9,-3.7
sdi,1920,12,26,4.9,-4.5
sdi,1920,12,25,3.5,-3.7
sdi,1920,12,28,6.5,-3.4
sdi,2020,4,21,21.0,8.9
sdi,1920,12,27,5.3,-3.6
sdi,2020,4,20,17.8,8.1
sdi,1940,1,6,4.5,-3.9
sdi,1940,1,5,4.3,-3.4
sdi,1940,1,8,3.7,-4.0
sdi,1940,1,7,2.8,-4.6
sdi,1940,1,9,5.6,-4.5
sdi,2020,4,19,17.5,9.5
sdi,1940,1,2,4.5,-3.9
sdi,1940,1,1,4.2,-2.9
sdi,1940,1,4,5.2,-3.8
sdi,1940,1,3,4.4,-3.6
sdi,1920,12,31,6.4,-3.2
sdi,1920,12,30,5.9,-3.0
sdi,2020,4,30,19.9,10.6
sdi,1950,7,11,23.6,18.2
sdi,2020,4,1,15.6,6.8
sdi,1950,7,12,23.8,18.5
sdi,1950,7,13,24.6,18.6
sdi,2020,4,3,16.0,6.2
sdi,1950,7,14,23.5,18.4
sdi,2020,4,2,13.7,5.7
sdi,2020,4,5,15.6,6.9
sdi,2020,4,4,16.9,7.0
sdi,2020,4,7,17.1,8.5
sdi,1950,7,10,22.6,18.3
sdi,2020,4,6,15.8,6.8
sdi,1950,7,8,24.3,18.1
sdi,1950,7,9,24.2,18.1
sdi,1950,7,4,23.5,17.6
sdi,1950,7,5,23.7,18.1
sdi,1950,7,6,23.3,18.1
sdi,1950,7,7,24.0,17.9
sdi,1950,7,22,26.3,20.5
sdi,1970,5,2,15.6,8.2
sdi,2020,4,12,19.3,8.0
sdi,1950,7,23,27.2,20.9
sdi,1970,5,3,16.9,7.6
sdi,2020,4,11,18.9,5.9
sdi,1950,7,24,28.1,21.2
sdi,2020,4,14,17.5,6.7
sdi,1950,7,25,28.3,21.2
sdi,1970,5,1,18.6,8.8
sdi,2020,4,13,18.9,8.1
sdi,2020,4,16,16.9,8.1
sdi,2020,4,15,16.4,7.6
sdi,1950,7,20,26.1,20.2
sdi,2020,4,18,16.9,7.7
sdi,1950,7,21,26.9,19.8
sdi,2020,4,17,15.8,8.0
sdi,2020,4,10,16.7,5.1
sdi,1920,3,31,13.2,2.8
sdi,1920,3,30,11.0,-0.1
sdi,1950,7,19,25.8,20.0
sdi,2020,4,9,14.4,4.2
sdi,2020,4,8,16.6,7.0
sdi,1950,7,15,24.1,17.9
sdi,1950,7,16,25.9,18.5
sdi,1950,7,17,25.2,19.0
sdi,1950,7,18,25.6,19.3
sdi,1950,7,30,29.6,21.7
sdi,1950,7,31,29.0,21.7
sdi,1980,12,27,7.8,-0.0
sdi,1980,12,28,6.6,-0.7
sdi,1980,12,29,7.4,-0.4
sdi,1980,12,23,8.6,0.2
sdi,1980,12,24,7.5,-0.6
sdi,1980,12,25,6.9,0.6
sdi,1980,12,26,7.1,0.1
sdi,1920,3,26,8.5,0.5
sdi,1980,12,30,8.0,-0.8
sdi,1920,3,25,10.9,-1.8
sdi,1980,12,31,6.2,-1.3
sdi,1920,3,24,11.4,-1.6
sdi,1920,3,23,11.8,0.0
sdi,1920,3,22,11.4,-1.6
sdi,1920,3,21,11.3,-2.4
sdi,1920,3,20,9.5,-0.4
sdi,1950,7,26,27.5,20.6
sdi,1920,3,29,12.9,-1.2
sdi,1950,7,27,28.3,20.4
sdi,1920,3,28,15.0,1.2
sdi,1950,7,28,28.9,21.1
sdi,1920,3,27,8.1,0.2
sdi,1950,7,29,30.0,21.4
sdi,1920,3,15,6.3,-2.3
sdi,1920,3,14,4.6,-1.9
sdi,1920,3,13,5.7,-1.6
sdi,1920,3,12,5.6,-1.2
sdi,1920,3,11,4.5,-1.0
sdi,1920,3,10,6.4,-0.6
sdi,1920,3,19,11.0,0.3
sdi,1920,3,18,10.9,-2.8
sdi,1920,3,17,7.3,-4.5
sdi,1920,3,16,5.8,-2.8
sdi,1980,8,30,27.7,21.2
sdi,1980,8,31,28.9,21.8
sdi,1940,9,12,24.5,18.0
sdi,1980,8,8,28.3,21.4
sdi,1940,9,13,24.4,16.5
sdi,1980,8,9,28.6,21.7
sdi,1940,9,14,23.0,16.0
sdi,1940,9,15,25.1,16.7
sdi,1940,9,10,24.0,17.9
sdi,1940,9,11,24.7,17.6
sdi,1980,8,10,28.1,21.7
sdi,1940,9,9,26.5,18.4
sdi,1980,8,11,28.0,21.5
sdi,1980,8,12,28.3,21.7
sdi,1980,8,13,28.1,21.9
sdi,1980,8,14,28.4,21.8
sdi,1940,9,5,26.3,18.5
sdi,1980,8,15,27.6,21.8
sdi,1940,9,6,26.8,18.3
sdi,1980,8,16,26.3,21.6
sdi,1940,9,7,25.1,17.3
sdi,1980,8,17,26.6,21.8
sdi,1940,9,8,26.5,18.3
sdi,1980,8,18,27.5,21.7
sdi,1940,9,1,27.2,18.8
sdi,1980,8,19,28.1,21.6
sdi,1940,9,2,26.7,18.3
sdi,1940,9,3,27.2,18.5
sdi,1940,9,4,26.3,19.0
sdi,1980,8,20,27.9,21.2
sdi,1980,8,21,27.2,21.3
sdi,1980,8,22,26.9,21.6
sdi,1980,8,23,27.2,21.0
sdi,1980,8,24,27.2,20.1
sdi,1980,8,25,26.7,19.9
sdi,1980,8,26,26.2,20.6
sdi,1980,8,27,26.5,20.5
sdi,1980,8,28,26.7,21.3
sdi,1980,8,29,26.9,20.8
sdi,1950,4,22,16.5,6.0
sdi,1950,4,21,15.5,6.0
sdi,1950,4,20,15.7,5.4
sdi,1950,4,15,15.4,4.5
sdi,1950,4,14,12.3,4.6
sdi,1950,4,13,17.0,6.5
sdi,1950,4,12,14.3,5.5
sdi,1950,4,19,15.5,5.1
sdi,1950,4,18,14.4,6.4
sdi,1950,4,17,17.7,6.8
sdi,1950,4,16,15.7,5.6
sdi,1970,2,11,4.4,-2.8
sdi,1970,2,10,3.5,-3.0
sdi,1950,4,30,17.6,7.6
sdi,1970,2,9,4.3,-3.5
sdi,1950,4,26,18.1,7.4
sdi,1970,2,6,5.0,-1.9
sdi,1950,4,25,15.6,7.1
sdi,1970,2,5,4.1,-2.6
sdi,1950,4,24,15.6,6.6
sdi,1970,2,8,4.1,-2.6
sdi,1950,4,23,16.1,6.8
sdi,1970,2,7,4.6,-2.2
sdi,1970,2,2,4.6,-2.6
sdi,1950,4,29,18.3,6.7
sdi,1970,2,1,4.3,-3.4
sdi,1950,4,28,17.6,7.3
sdi,1970,2,4,4.9,-3.2
sdi,1950,4,27,17.5,6.7
sdi,1970,2,3,4.8,-3.5
sdi,1990,3,14,10.5,0.9
sdi,1990,3,13,7.9,0.4
sdi,1990,3,12,7.6,0.3
sdi,1990,3,11,8.2,0.6
sdi,1990,3,10,8.8,0.6
sdi,1990,3,9,8.4,0.4
sdi,1990,3,8,6.2,-0.1
sdi,1990,3,7,8.1,0.0
sdi,1990,3,6,8.8,-0.1
sdi,1990,3,5,8.2,-0.3
sdi,1990,3,4,9.8,0.0
sdi,1990,3,25,11.3,2.7
sdi,1990,3,24,10.4,2.3
sdi,1990,3,23,8.7,1.2
sdi,1990,3,22,9.2,0.7
sdi,1990,3,21,8.9,0.6
sdi,1990,3,20,12.1,1.6
sdi,1990,3,19,10.1,0.7
sdi,1990,3,18,9.3,0.6
sdi,1990,3,17,9.5,1.3
sdi,1990,3,16,8.3,0.9
sdi,1990,3,15,8.7,1.3
sdi,2000,12,7,9.5,1.2
sdi,2000,12,8,9.1,1.1
sdi,2000,12,9,8.1,1.6
sdi,2000,12,3,9.6,2.0
sdi,1990,3,31,12.0,4.5
sdi,2000,12,4,9.5,2.1
sdi,1990,3,30,12.5,3.7
sdi,2000,12,5,11.5,2.3
sdi,2000,12,6,9.5,2.3
sdi,2010,1,31,6.1,-2.1
sdi,2010,1,30,5.1,-2.3
sdi,2010,1,29,4.7,-2.1
sdi,2010,1,28,7.0,-1.8
sdi,2010,1,27,6.3,-1.8
sdi,2010,1,26,4.3,-2.0
sdi,2000,12,10,8.7,1.3
sdi,2000,12,11,7.9,0.9
sdi,2000,12,12,7.7,1.0
sdi,2000,12,13,7.6,1.0
sdi,1990,3,29,10.1,2.6
sdi,1990,3,28,12.5,2.5
sdi,1990,3,27,10.6,1.9
sdi,1990,3,26,11.9,3.4
sdi,1950,4,11,13.3,4.8
sdi,1950,4,10,14.8,3.3
sdi,2010,1,25,5.1,-2.5
sdi,2010,1,24,3.6,-2.8
sdi,2010,1,23,5.3,-1.6
sdi,2010,1,22,4.6,-1.1
sdi,2010,1,21,5.9,-1.2
sdi,2010,1,20,6.1,-1.0
sdi,1950,4,9,15.5,5.2
sdi,2010,1,19,6.4,-1.2
sdi,2010,1,18,5.9,-2.0
sdi,2010,1,17,5.2,-2.0
sdi,2010,1,16,4.7,-2.1
sdi,2010,1,15,4.2,-3.1
sdi,1950,4,4,12.9,1.9
sdi,1950,4,3,11.9,2.0
sdi,1950,4,2,12.4,2.8
sdi,2000,12,1,10.6,2.8
sdi,1950,4,1,11.2,1.9
sdi,2000,12,2,11.1,2.8
sdi,1950,4,8,15.3,5.9
sdi,1950,4,7,16.9,5.4
sdi,1950,4,6,14.8,3.8
sdi,1950,4,5,13.3,2.7
sdi,2000,12,29,6.5,0.2
sdi,2000,12,25,8.5,0.6
sdi,2000,12,26,5.9,-0.7
sdi,2000,12,27,5.6,-0.8
sdi,2000,12,28,6.0,-0.7
sdi,2010,1,14,3.5,-2.0
sdi,2010,1,13,4.8,-1.8
sdi,2010,1,12,4.7,-2.4
sdi,2010,1,11,4.2,-2.0
sdi,2010,1,10,5.5,-0.9
sdi,2010,1,9,5.6,-0.9
sdi,2010,1,8,6.5,-0.1
sdi,2010,1,7,5.7,-1.0
sdi,2010,1,6,6.0,-1.1
sdi,2010,1,5,6.8,-0.6
sdi,2010,1,4,6.2,-0.7
sdi,2000,12,30,6.6,-1.1
sdi,2000,12,31,5.0,-1.6
sdi,1960,11,7,16.2,6.5
sdi,2000,12,18,6.8,0.2
sdi,1960,11,6,16.2,6.9
sdi,2000,12,19,7.3,0.3
sdi,1960,11,9,16.7,6.9
sdi,1960,11,8,17.3,6.7
sdi,2000,12,14,7.8,0.7
sdi,2000,12,15,8.3,0.6
sdi,2000,12,16,9.3,1.7
sdi,2000,12,17,7.6,0.2
sdi,2010,1,3,6.0,-0.4
sdi,2010,1,2,6.8,-0.4
sdi,1960,11,1,19.2,8.1
sdi,2010,1,1,6.3,-0.8
sdi,1960,11,3,16.1,8.1
sdi,1960,11,2,17.3,7.6
sdi,1960,11,5,16.1,8.2
sdi,1960,11,4,17.8,7.2
sdi,2000,12,21,6.8,1.0
sdi,1980,8,1,26.7,20.5
sdi,2000,12,22,7.2,0.2
sdi,1980,8,2,26.6,20.9
sdi,2000,12,23,7.6,0.6
sdi,1980,8,3,26.4,21.1
sdi,2000,12,24,8.1,1.0
sdi,1980,8,4,27.2,21.2
sdi,1980,8,5,28.0,21.1
sdi,1980,8,6,28.2,21.2
sdi,1980,8,7,27.6,21.0
sdi,2000,12,20,7.8,0.3
sdi,1960,11,18,13.5,3.8
sdi,1960,11,17,12.6,2.8
sdi,1960,11,19,12.3,2.6
sdi,1930,6,21,22.6,14.9
sdi,1930,6,22,23.2,15.8
sdi,1930,6,20,22.0,14.8
sdi,1960,11,10,14.1,7.0
sdi,1960,11,12,14.4,4.2
sdi,1960,11,11,13.5,4.6
sdi,1960,11,14,15.6,4.0
sdi,1960,11,13,13.9,4.8
sdi,1960,11,16,14.8,4.3
sdi,1960,11,15,14.6,4.5
sdi,1930,6,14,22.6,14.4
sdi,1930,6,15,22.0,14.4
sdi,1930,6,12,20.9,12.6
sdi,1930,6,13,22.6,13.2
sdi,1930,6,18,22.6,14.5
sdi,1930,6,19,22.7,14.1
sdi,1930,6,16,20.1,14.1
sdi,1930,6,17,21.2,14.3
sdi,1960,11,29,11.2,3.2
sdi,1960,11,28,11.6,0.5
sdi,1930,6,30,23.0,16.1
sdi,1960,11,21,12.6,2.5
sdi,1960,11,20,13.4,4.5
sdi,1960,11,23,13.3,2.0
sdi,1960,11,22,10.6,2.5
sdi,1960,11,25,12.4,3.1
sdi,1960,11,24,11.5,2.5
sdi,1960,11,27,11.8,1.6
sdi,1960,11,26,11.6,2.9
sdi,1960,11,30,11.2,3.0
sdi,1930,6,25,21.9,16.0
sdi,1930,6,26,24.4,16.0
sdi,1930,6,23,21.9,15.1
sdi,1930,6,24,22.3,15.6
sdi,1930,6,29,23.3,16.6
sdi,1930,6,27,23.3,16.8
sdi,1930,6,28,22.6,16.5
sdi,1920,8,21,28.8,21.3
sdi,1920,8,20,27.6,20.6
sdi,1920,8,23,28.3,18.9
sdi,1920,8,22,30.1,20.8
sdi,1990,12,7,10.1,2.4
sdi,2020,7,30,30.6,24.0
sdi,1990,12,6,10.4,1.4
sdi,2020,7,31,31.5,23.8
sdi,1990,12,9,11.3,2.9
sdi,1990,12,8,10.2,3.7
sdi,1990,12,3,9.2,1.5
sdi,1990,12,2,11.1,3.2
sdi,1990,12,5,10.1,2.5
sdi,1990,12,4,9.3,1.6
sdi,1990,12,10,10.3,3.1
sdi,1990,12,12,8.0,2.4
sdi,1990,12,11,9.9,1.8
sdi,1920,8,14,28.2,20.4
sdi,1920,8,13,27.9,21.4
sdi,1920,8,16,27.1,21.6
sdi,1920,8,15,28.5,19.8
sdi,1920,8,18,29.3,22.3
sdi,1920,8,17,28.3,21.9
sdi,1920,8,19,27.7,20.8
sdi,1920,8,10,28.8,19.7
sdi,1920,8,12,29.7,20.0
sdi,1920,8,11,28.7,20.7
sdi,1990,12,1,13.1,4.3
sdi,1920,8,3,28.2,21.1
sdi,1920,8,2,28.8,21.4
sdi,1920,8,5,26.4,21.3
sdi,1920,8,4,27.4,21.5
sdi,1920,8,7,29.0,21.4
sdi,1920,8,6,28.2,20.6
sdi,1920,8,9,30.1,18.7
sdi,1920,8,8,30.4,20.0
sdi,2020,7,16,27.1,20.8
sdi,2020,7,17,28.7,21.6
sdi,2020,7,14,25.3,20.2
sdi,2020,7,15,24.5,20.1
sdi,1920,8,1,28.3,20.6
sdi,1960,7,30,28.5,22.1
sdi,2020,7,18,29.2,21.8
sdi,1960,7,31,29.1,21.8
sdi,2020,7,19,29.7,22.0
sdi,1990,12,29,7.6,0.5
sdi,1990,12,28,8.2,0.5
sdi,1990,12,25,7.5,0.3
sdi,2020,7,12,26.9,21.4
sdi,1990,12,24,8.6,1.1
sdi,2020,7,13,26.9,20.7
sdi,1990,12,27,8.0,0.8
sdi,2020,7,10,28.7,21.5
sdi,1990,12,26,7.1,-0.4
sdi,2020,7,11,27.8,21.8
sdi,1950,1,8,4.5,-4.0
sdi,1950,1,9,4.9,-4.4
sdi,1990,12,31,7.5,0.1
sdi,1950,1,6,4.0,-2.6
sdi,1950,1,7,3.8,-3.3
sdi,1990,12,30,6.9,-0.4
sdi,1950,1,1,4.8,-2.8
sdi,1950,1,4,3.8,-3.6
sdi,1960,7,29,29.5,22.2
sdi,1950,1,5,4.7,-2.9
sdi,1950,1,2,5.6,-3.0
sdi,1960,7,27,29.3,22.0
sdi,1950,1,3,5.1,-2.9
sdi,1960,7,28,30.2,22.3
sdi,1960,7,25,29.9,21.6
sdi,2020,7,27,29.8,23.2
sdi,1960,7,26,29.1,21.6
sdi,2020,7,28,29.9,22.8
sdi,1960,7,23,28.5,21.0
sdi,2020,7,25,29.5,22.7
sdi,1960,7,24,28.9,21.2
sdi,2020,7,26,30.5,23.2
sdi,1960,7,21,27.6,20.4
sdi,1960,7,22,28.2,20.3
sdi,2020,7,29,30.0,23.5
sdi,1960,7,20,26.8,19.7
sdi,1990,12,18,8.2,1.3
sdi,1990,12,17,8.1,0.0
sdi,2020,7,20,30.0,22.3
sdi,1990,12,19,7.4,0.4
sdi,1990,12,14,9.7,0.9
sdi,2020,7,23,30.4,23.0
sdi,1990,12,13,9.2,1.5
sdi,2020,7,24,30.3,22.9
sdi,1990,12,16,7.8,0.2
sdi,2020,7,21,28.3,21.8
sdi,1990,12,15,8.1,1.3
sdi,2020,7,22,29.3,22.6
sdi,1950,1,19,5.9,-3.0
sdi,1990,12,21,7.9,1.0
sdi,1990,12,20,7.0,-0.4
sdi,1950,1,17,5.2,-2.4
sdi,1990,12,23,8.5,0.7
sdi,1950,1,18,4.2,-3.3
sdi,1990,12,22,9.4,0.7
sdi,1950,1,11,4.6,-2.0
sdi,1950,1,12,4.5,-3.0
sdi,1950,1,10,5.8,-2.4
sdi,1950,1,15,5.2,-2.4
sdi,1960,7,18,25.9,19.9
sdi,1950,1,16,6.0,-2.0
sdi,1960,7,19,26.0,19.6
sdi,1950,1,13,4.7,-4.0
sdi,1960,7,16,26.2,19.8
sdi,1950,1,14,3.3,-3.2
sdi,1960,7,17,24.5,20.0
sdi,2020,7,5,27.1,20.6
sdi,2020,7,6,27.3,21.2
sdi,2020,7,3,27.9,20.5
sdi,2020,7,4,26.2,20.0
sdi,2020,7,9,26.5,20.9
sdi,2020,7,7,28.7,21.9
sdi,2020,7,8,26.1,21.0
sdi,2020,7,1,28.1,22.0
sdi,2020,7,2,28.5,21.1
sdi,1980,5,15,18.6,10.4
sdi,1980,5,14,19.4,11.2
sdi,1980,5,13,16.9,11.1
sdi,1980,5,12,18.6,10.3
sdi,1980,5,11,18.3,10.5
sdi,1980,5,10,19.1,9.8
sdi,1930,3,30,10.6,-0.5
sdi,1930,3,28,9.9,0.6
sdi,1930,3,29,10.8,0.8
sdi,1930,3,20,8.5,-1.8
sdi,1930,3,21,8.0,-0.7
sdi,1930,3,22,8.8,-0.6
sdi,1930,3,23,10.2,0.7
sdi,1980,5,9,20.1,10.0
sdi,1930,3,24,9.8,0.7
sdi,1980,5,8,20.4,8.9
sdi,1930,3,25,10.1,0.8
sdi,1980,5,7,17.0,9.7
sdi,1930,3,26,8.4,-0.0
sdi,1980,5,6,17.9,8.5
sdi,1930,3,27,10.3,0.6
sdi,1980,5,5,21.2,8.4
sdi,1980,5,4,20.1,9.3
sdi,1980,5,3,17.6,9.0
sdi,1980,5,2,18.0,10.2
sdi,1980,5,1,18.0,9.3
sdi,1930,3,31,10.8,-0.3
sdi,1930,3,6,7.1,-1.9
sdi,1930,3,7,7.2,-1.9
sdi,1930,3,8,6.4,-2.4
sdi,1930,3,9,7.0,-3.0
sdi,1930,3,1,6.3,-3.7
sdi,1930,3,2,7.8,-1.8
sdi,1930,3,3,7.6,-2.3
sdi,1930,3,4,9.3,-0.7
sdi,1930,3,5,6.9,-2.0
sdi,1930,3,17,8.8,-2.1
sdi,1930,3,18,9.7,-2.0
sdi,1930,3,19,9.0,-1.2
sdi,1930,3,10,7.1,-3.1
sdi,1930,3,11,7.6,-1.6
sdi,1930,3,12,7.8,-2.0
sdi,1930,3,13,8.1,-0.9
sdi,1930,3,14,7.9,0.1
sdi,1930,3,15,9.4,-1.9
sdi,1930,3,16,9.2,-1.8
sdi,1970,2,20,6.7,-1.4
sdi,1970,2,22,5.1,-1.6
sdi,1970,2,21,6.5,-2.3
sdi,1970,2,17,6.8,-1.9
sdi,1970,2,16,5.4,-2.2
sdi,1970,2,19,7.3,-0.8
sdi,1970,2,18,8.5,-0.4
sdi,1970,2,13,6.4,-3.0
sdi,1970,2,12,4.4,-3.1
sdi,1970,2,15,5.9,-1.2
sdi,1970,2,14,6.9,-1.9
sdi,1970,2,28,6.2,-1.0
sdi,1970,2,27,8.0,-0.5
sdi,1970,2,29,8.8,0.2
sdi,1970,2,24,5.1,-2.6
sdi,1970,2,23,5.3,-1.2
sdi,1970,2,26,5.6,-2.4
sdi,1970,2,25,4.9,-2.5
sdi,1940,10,23,18.6,7.7
sdi,1960,7,14,26.1,19.4
sdi,1940,10,24,17.2,6.4
sdi,1960,7,15,27.4,19.5
sdi,1940,10,21,18.1,8.4
sdi,1960,7,12,24.6,18.4
sdi,1940,10,22,17.2,7.9
sdi,1960,7,13,24.6,18.8
sdi,1940,9,30,21.8,13.0
sdi,1960,7,10,24.2,18.0
sdi,1940,10,20,19.8,9.4
sdi,1960,7,11,25.3,18.4
sdi,1940,10,29,16.6,5.3
sdi,1940,10,27,16.5,5.5
sdi,1940,10,28,17.2,5.6
sdi,1940,10,25,17.8,7.1
sdi,1940,10,26,18.7,6.4
sdi,1960,7,9,24.6,18.4
sdi,1940,9,27,22.6,13.6
sdi,1960,7,7,24.0,17.2
sdi,1940,9,28,22.0,12.3
sdi,1960,7,8,22.9,17.5
sdi,1940,9,29,20.6,12.3
sdi,1960,7,5,23.5,17.6
sdi,1960,7,6,23.4,16.9
sdi,1940,9,23,22.3,14.2
sdi,1960,7,3,23.1,17.4
sdi,1940,9,24,23.9,13.0
sdi,1960,7,4,23.3,16.8
sdi,1940,9,25,24.4,13.4
sdi,1960,7,1,24.3,17.0
sdi,1940,9,26,23.8,13.2
sdi,1960,7,2,24.3,17.3
sdi,1940,10,30,15.4,5.6
sdi,1940,9,20,23.2,15.9
sdi,1940,10,31,15.8,5.9
sdi,1940,9,21,23.2,15.0
sdi,1940,9,22,23.2,13.8
sdi,1940,9,16,23.6,16.3
sdi,1940,9,17,24.1,15.7
sdi,1940,9,18,22.9,15.4
sdi,1940,9,19,23.3,15.3
sdi,1940,10,1,20.7,12.2
sdi,1940,10,2,20.8,12.3
sdi,1940,10,9,20.0,11.2
sdi,1940,10,7,20.1,12.0
sdi,1940,10,8,21.1,11.9
sdi,1940,10,5,20.3,11.6
sdi,1940,10,6,19.6,11.4
sdi,1940,10,3,22.5,12.0
sdi,1940,10,4,21.2,11.5
sdi,1940,10,12,20.2,10.4
sdi,1940,10,13,20.3,10.5
sdi,1940,10,10,18.6,10.7
sdi,1940,10,11,19.2,9.9
sdi,1940,10,18,19.0,9.8
sdi,1940,10,19,18.8,10.0
sdi,1940,10,16,19.3,10.0
sdi,1940,10,17,18.5,10.4
sdi,1940,10,14,19.5,10.0
sdi,1940,10,15,18.0,9.2
sdi,1930,12,2,9.4,0.5
sdi,2000,8,3,28.9,21.3
sdi,1930,12,3,8.3,-0.3
sdi,2000,8,2,28.3,20.9
sdi,2000,8,5,29.8,22.8
sdi,1930,12,1,8.9,-0.1
sdi,2000,8,4,30.4,22.5
sdi,2000,8,7,28.9,22.5
sdi,2000,8,6,29.8,22.8
sdi,2000,8,9,27.8,22.2
sdi,2000,8,8,28.8,22.2
sdi,1930,12,8,9.7,-1.5
sdi,1930,12,9,9.2,-1.3
sdi,1930,12,6,7.7,-0.8
sdi,1930,12,7,8.4,-1.3
sdi,1930,12,4,8.3,-0.2
sdi,2000,8,1,27.5,20.8
sdi,1930,12,5,8.7,0.8
sdi,2000,8,14,28.3,21.7
sdi,2000,8,13,28.2,21.2
sdi,1970,11,29,10.2,2.5
sdi,2000,8,16,27.2,21.2
sdi,2000,8,15,27.3,21.4
sdi,2000,8,18,25.5,19.9
sdi,2000,8,17,25.4,20.0
sdi,2000,8,19,26.6,21.0
sdi,1970,11,23,11.2,3.2
sdi,1970,11,24,11.0,2.4
sdi,1970,11,21,13.0,3.4
sdi,1970,11,22,11.6,3.6
sdi,1970,11,27,12.1,4.6
sdi,2000,8,10,29.2,22.4
sdi,1970,11,28,12.7,3.8
sdi,1970,11,25,10.9,2.3
sdi,2000,8,12,27.0,21.2
sdi,2010,4,30,18.8,9.7
sdi,1970,11,26,11.3,2.9
sdi,2000,8,11,28.7,21.9
sdi,1970,11,30,8.7,1.4
sdi,2010,4,29,18.5,8.7
sdi,2000,8,25,27.9,20.0
sdi,2010,4,21,15.8,7.2
sdi,2000,8,24,27.4,20.2
sdi,2010,4,22,16.7,7.6
sdi,1970,11,18,13.6,5.1
sdi,2000,8,27,26.9,20.6
sdi,2010,4,23,15.7,7.6
sdi,1970,11,19,13.5,5.5
sdi,2000,8,26,27.6,20.5
sdi,2010,4,24,17.8,8.4
sdi,2000,8,29,27.8,20.8
sdi,2010,4,25,18.6,8.2
sdi,2000,8,28,25.4,20.4
sdi,2010,4,26,17.9,8.4
sdi,2010,4,27,17.1,9.0
sdi,2010,4,28,18.7,9.4
sdi,1970,11,12,12.2,3.7
sdi,1970,11,13,12.3,2.5
sdi,1970,11,10,14.7,6.3
sdi,1970,11,11,13.6,5.5
sdi,1970,11,16,13.6,4.6
sdi,2000,8,21,26.8,20.4
sdi,1970,11,17,13.3,5.6
sdi,2000,8,20,27.8,20.8
sdi,1970,11,14,13.3,4.5
sdi,2000,8,23,27.6,20.3
sdi,1970,11,15,12.1,4.5
sdi,2000,8,22,27.1,21.0
sdi,2010,4,20,14.3,6.2
sdi,1970,11,20,11.7,3.9
sdi,2010,4,18,16.5,7.7
sdi,2010,4,19,15.2,6.2
sdi,1970,11,9,14.8,5.1
sdi,2010,4,10,14.1,4.3
sdi,2010,4,11,13.4,5.3
sdi,1970,11,7,15.3,6.3
sdi,2010,4,12,14.2,4.5
sdi,1970,11,8,15.2,6.5
sdi,2010,4,13,15.5,4.3
sdi,2010,4,14,16.2,5.6
sdi,2010,4,15,17.1,7.6
sdi,2010,4,16,16.8,6.6
sdi,2010,4,17,16.9,6.4
sdi,1970,11,1,15.8,6.7
sdi,1970,11,2,16.3,5.3
sdi,2000,8,30,25.3,19.5
sdi,1970,11,5,15.8,7.1
sdi,1970,11,6,14.7,5.9
sdi,2000,8,31,25.7,19.2
sdi,1970,11,3,15.6,5.3
sdi,1970,11,4,16.9,5.7
sdi,2010,4,7,14.3,5.5
sdi,2010,4,8,13.2,5.6
sdi,2010,4,9,14.6,4.5
sdi,1960,4,20,15.6,4.8
sdi,1960,4,21,16.9,6.3
sdi,1960,4,22,18.1,6.9
sdi,2010,4,1,11.5,3.7
sdi,1960,4,23,15.3,5.6
sdi,2010,4,2,11.8,3.8
sdi,2010,4,3,14.6,4.5
sdi,2010,4,4,13.4,4.6
sdi,2010,4,5,14.0,4.3
sdi,2010,4,6,15.2,5.4
sdi,1960,4,17,15.3,6.1
sdi,1960,4,18,13.2,5.6
sdi,1960,4,19,12.6,3.8
sdi,1960,4,13,16.9,4.5
sdi,1960,4,14,17.1,6.8
sdi,1960,4,15,15.6,7.1
sdi,1960,4,16,15.2,6.3
sdi,1940,6,30,23.2,17.0
sdi,1960,4,10,14.9,5.0
sdi,1960,4,11,13.8,3.5
sdi,1960,4,12,14.5,3.5
sdi,1940,6,27,24.6,15.8
sdi,1960,4,6,15.8,3.5
sdi,1940,6,26,23.4,16.3
sdi,1960,4,7,14.0,4.0
sdi,1940,6,25,24.5,16.3
sdi,1960,4,8,11.9,2.5
sdi,1940,6,24,23.8,16.0
sdi,1960,4,9,14.8,5.2
sdi,1960,4,2,12.2,3.3
sdi,1960,4,3,15.1,2.1
sdi,1940,6,29,23.4,16.8
sdi,1960,4,4,13.8,3.8
sdi,1940,6,28,23.2,16.5
sdi,1960,4,5,13.8,4.0
sdi,1990,8,9,28.6,21.1
sdi,1960,4,1,15.2,3.3
sdi,1990,8,10,27.5,21.3
sdi,1990,8,11,26.9,21.3
sdi,1990,8,14,28.0,22.1
sdi,1990,8,15,28.9,21.8
sdi,1990,8,12,28.2,21.3
sdi,1990,8,13,28.2,21.5
sdi,1990,8,18,28.4,21.0
sdi,1990,8,19,28.1,21.7
sdi,1990,8,16,28.6,22.0
sdi,1990,8,17,26.8,21.2
sdi,2020,11,28,13.4,3.8
sdi,2020,11,29,12.5,4.2
sdi,2020,11,26,14.4,4.3
sdi,2020,11,27,12.9,5.8
sdi,1990,8,3,27.4,21.2
sdi,1990,8,4,28.2,21.1
sdi,1990,8,1,30.2,22.6
sdi,1990,8,2,28.5,21.7
sdi,1990,8,7,27.8,21.1
sdi,1990,8,8,28.3,21.1
sdi,1990,8,5,27.1,20.6
sdi,1990,8,6,26.5,20.4
sdi,2020,11,30,11.9,3.2
sdi,2020,11,19,16.3,6.3
sdi,1940,6,1,18.8,11.8
sdi,2020,11,17,16.9,7.8
sdi,2020,11,18,14.7,4.6
sdi,1980,5,31,20.4,12.8
sdi,2020,11,15,16.0,6.4
sdi,1980,5,30,20.0,12.8
sdi,2020,11,16,17.3,7.5
sdi,2020,11,24,13.7,5.4
sdi,2020,11,25,12.0,4.6
sdi,2020,11,22,15.9,6.1
sdi,2020,11,23,13.9,5.9
sdi,2020,11,20,15.3,7.4
sdi,1980,5,29,21.1,12.4
sdi,2020,11,21,15.1,6.2
sdi,1980,5,28,20.4,12.3
sdi,1980,5,27,19.6,10.8
sdi,1980,5,26,19.5,12.0
sdi,1980,5,25,18.6,11.9
sdi,1980,5,24,18.1,11.0
sdi,2020,11,8,16.9,8.5
sdi,1980,5,23,20.8,10.3
sdi,2020,11,9,17.2,7.8
sdi,1980,5,22,21.8,10.8
sdi,2020,11,6,17.6,8.3
sdi,1980,5,21,20.9,11.7
sdi,2020,11,7,18.3,9.4
sdi,1980,5,20,19.7,11.7
sdi,2020,11,4,18.0,8.8
sdi,2020,11,5,17.1,9.3
sdi,2020,11,13,16.0,6.2
sdi,2020,11,14,15.8,5.9
sdi,2020,11,11,16.5,8.1
sdi,2020,11,12,15.3,6.3
sdi,1980,5,19,19.7,10.6
sdi,1980,5,18,20.1,10.5
sdi,2020,11,10,17.0,7.3
sdi,1980,5,17,16.8,9.7
sdi,1980,5,16,17.3,9.1
sdi,1940,6,23,23.0,14.6
sdi,1940,6,22,23.7,15.3
sdi,1940,6,21,22.1,15.4
sdi,1940,6,20,21.4,15.1
sdi,1940,6,16,21.5,14.8
sdi,2020,11,2,19.4,12.2
sdi,1940,6,15,22.8,14.8
sdi,2020,11,3,20.6,10.4
sdi,1940,6,14,21.6,14.8
sdi,1940,6,13,21.7,14.0
sdi,2020,11,1,19.8,9.6
sdi,1940,6,19,20.9,14.9
sdi,1940,6,18,21.4,15.2
sdi,1940,6,17,21.2,15.2
sdi,1940,6,12,23.5,14.4
sdi,1940,6,11,24.6,14.8
sdi,1940,6,10,21.7,13.5
sdi,1940,6,5,20.0,12.8
sdi,1940,6,4,19.2,12.2
sdi,1940,6,3,20.8,11.1
sdi,1940,6,2,19.7,11.7
sdi,1940,6,9,22.3,12.9
sdi,1940,6,8,21.0,12.6
sdi,1940,6,7,20.3,12.8
sdi,1940,6,6,20.0,12.3
sdi,1950,1,30,6.3,-1.7
sdi,1950,1,28,7.0,-2.6
sdi,1950,1,29,6.0,-2.2
sdi,1950,1,22,4.5,-2.8
sdi,1950,1,23,4.0,-2.9
sdi,1950,1,20,7.4,-1.5
sdi,1950,1,21,5.2,-2.4
sdi,1950,1,26,5.3,-3.2
sdi,1950,1,27,6.0,-2.3
sdi,1950,1,24,4.2,-3.5
sdi,1950,1,25,6.4,-2.8
sdi,1950,1,31,4.9,-3.1
sdi,1920,8,30,27.5,19.3
sdi,1920,8,31,27.8,18.9
sdi,1920,8,25,25.2,19.3
sdi,1920,8,24,27.2,19.4
sdi,1920,8,27,29.1,21.7
sdi,1920,8,26,27.4,19.3
sdi,1920,8,29,27.9,19.9
sdi,1920,8,28,27.9,19.9
sdi,1960,8,26,27.8,19.7
sdi,1960,8,27,28.3,18.8
sdi,1960,8,24,27.8,21.2
sdi,1960,8,25,28.7,21.1
sdi,1960,8,22,28.0,21.5
sdi,1960,8,23,27.3,21.4
sdi,1960,8,20,27.8,21.7
sdi,1960,8,21,28.9,21.9
sdi,1960,8,19,28.3,21.4
sdi,1960,8,17,29.9,21.8
sdi,1960,8,18,29.8,21.3
sdi,1960,8,15,29.1,21.8
sdi,1960,8,16,28.6,21.6
sdi,1960,8,13,29.1,21.8
sdi,1960,8,14,28.3,21.8
sdi,1960,8,11,28.3,21.7
sdi,1960,8,12,29.6,21.2
sdi,1960,8,10,29.6,21.1
sdi,2010,12,1,11.2,3.3
sdi,2010,12,3,12.9,3.5
sdi,2010,12,2,10.5,2.2
sdi,1960,8,8,28.7,21.2
sdi,1960,8,9,30.4,21.6
sdi,1960,8,6,28.8,21.4
sdi,1960,8,7,29.5,21.3
sdi,1960,8,4,29.3,21.7
sdi,2010,12,9,7.4,0.4
sdi,1960,8,5,29.1,21.0
sdi,2010,12,8,7.9,0.9
sdi,1960,8,2,28.6,21.5
sdi,1960,8,3,28.3,21.4
sdi,2010,12,5,11.4,3.1
sdi,1960,8,1,29.5,21.8
sdi,2010,12,4,11.4,4.5
sdi,2010,12,7,9.2,1.8
sdi,2010,12,6,9.4,2.5
sdi,1920,10,5,20.2,11.1
sdi,1920,10,6,22.0,12.3
sdi,1920,10,7,20.7,11.2
sdi,1920,10,8,20.0,11.4
sdi,1920,10,1,21.0,10.2
sdi,1920,10,2,20.8,10.9
sdi,1920,10,3,21.7,12.4
sdi,1920,10,4,21.0,11.9
sdi,1920,10,9,21.4,13.0
sdi,2010,12,12,8.5,1.0
sdi,2010,12,11,10.8,1.7
sdi,2010,12,14,8.4,0.8
sdi,2010,12,13,7.8,0.5
sdi,2010,12,10,8.7,0.7
sdi,2010,12,19,8.0,1.5
sdi,1920,10,10,21.4,12.3
sdi,1920,10,11,19.9,10.5
sdi,2010,12,16,7.7,0.3
sdi,2010,12,15,6.8,0.7
sdi,2010,12,18,8.4,0.5
sdi,2010,12,17,7.2,0.0
sdi,1920,10,16,15.4,8.4
sdi,1920,10,17,19.7,9.9
sdi,1920,10,18,17.8,8.8
sdi,1920,10,19,18.1,5.6
sdi,1920,10,12,18.7,9.2
sdi,1920,10,13,17.9,9.5
sdi,1920,10,14,18.0,8.2
sdi,1920,10,15,17.2,5.2
sdi,2010,12,23,9.1,1.4
sdi,2010,12,22,9.0,1.8
sdi,2010,12,25,7.0,-0.9
sdi,2010,12,24,7.1,0.4
sdi,2010,12,21,8.4,0.9
sdi,2010,12,20,8.7,1.4
sdi,1950,10,25,16.8,8.4
sdi,1970,7,16,27.4,18.9
sdi,2020,6,26,26.7,19.9
sdi,1920,10,20,17.6,7.0
sdi,1950,10,24,17.9,7.6
sdi,1970,7,15,25.7,19.0
sdi,2020,6,27,27.5,19.5
sdi,1920,10,21,17.0,7.5
sdi,1950,10,23,17.0,7.1
sdi,1970,7,14,24.6,18.9
sdi,2020,6,24,24.5,18.7
sdi,1920,10,22,20.2,6.8
sdi,1950,10,22,18.7,9.8
sdi,1970,7,13,24.4,18.3
sdi,2020,6,25,27.1,19.7
sdi,1950,10,21,17.7,9.9
sdi,1970,7,12,26.1,18.7
sdi,2010,12,27,5.4,-0.9
sdi,1950,10,20,17.9,9.2
sdi,1970,7,11,24.9,19.4
sdi,2010,12,26,5.8,-0.5
sdi,1970,7,10,25.4,18.9
sdi,2010,12,29,6.2,-0.5
sdi,2020,6,28,28.1,20.6
sdi,2010,12,28,5.1,-1.3
sdi,2020,6,29,28.0,20.6
sdi,1920,10,27,18.4,8.1
sdi,1920,10,28,15.0,7.7
sdi,1920,10,29,15.7,9.5
sdi,1950,9,30,22.9,14.1
sdi,1920,10,23,19.0,6.2
sdi,1950,10,29,17.2,9.1
sdi,2020,6,22,24.2,18.4
sdi,1920,10,24,17.2,7.5
sdi,1950,10,28,16.5,8.2
sdi,2020,6,23,22.7,17.7
sdi,1920,10,25,19.4,6.6
sdi,1950,10,27,17.0,7.5
sdi,2020,6,20,28.1,18.2
sdi,1920,10,26,20.0,9.6
sdi,1950,10,26,15.7,7.2
sdi,2020,6,21,25.1,17.4
sdi,1950,9,29,21.9,12.7
sdi,1970,7,9,26.0,18.5
sdi,2010,12,30,5.7,-0.1
sdi,1950,9,28,21.2,13.1
sdi,1970,7,8,26.1,18.9
sdi,1970,7,7,24.2,18.3
sdi,1970,7,6,23.8,18.3
sdi,2010,12,31,7.5,-0.4
sdi,1920,10,30,17.3,8.1
sdi,1950,10,14,18.7,10.7
sdi,1970,7,27,29.4,21.7
sdi,1920,10,31,15.8,6.7
sdi,1950,10,13,20.5,10.3
sdi,1970,7,26,28.4,21.4
sdi,1950,10,12,19.5,11.3
sdi,1970,7,25,28.2,21.1
sdi,1950,10,11,20.0,11.8
sdi,1970,7,24,28.9,21.0
sdi,1950,10,10,20.9,11.5
sdi,1970,7,23,27.1,20.6
sdi,1970,7,22,27.1,20.1
sdi,1970,7,21,26.2,19.3
sdi,1970,7,20,25.5,19.0
sdi,2020,6,30,27.3,20.5
sdi,1950,10,19,18.9,10.2
sdi,1950,10,18,18.0,10.0
sdi,1950,10,17,19.6,9.2
sdi,1950,10,16,20.6,10.0
sdi,1950,10,15,20.2,10.4
sdi,1970,7,19,25.9,19.3
sdi,1970,7,18,26.3,19.4
sdi,1970,7,17,26.2,19.5
sdi,2020,6,4,23.5,15.4
sdi,2020,6,5,24.7,15.5
sdi,2020,6,2,22.5,16.3
sdi,2020,6,3,22.9,15.7
sdi,2020,6,8,22.8,15.5
sdi,2020,6,9,23.9,16.1
sdi,2020,6,6,23.6,14.8
sdi,2020,6,7,23.4,16.5
sdi,2020,6,1,23.0,14.2
sdi,1970,7,5,25.2,17.7
sdi,2020,6,15,24.9,18.6
sdi,1970,7,4,24.9,17.5
sdi,2020,6,16,26.2,18.6
sdi,1970,7,3,23.7,16.9
sdi,2020,6,13,25.7,18.2
sdi,1970,7,2,23.2,17.0
sdi,2020,6,14,25.2,18.0
sdi,1970,7,1,21.7,16.9
sdi,2020,6,19,25.6,18.5
sdi,1950,10,31,16.6,8.3
sdi,1950,10,30,16.8,8.7
sdi,1960,8,31,27.1,20.2
sdi,2020,6,17,28.4,18.4
sdi,2020,6,18,26.6,18.0
sdi,1960,8,30,26.5,20.1
sdi,2020,6,11,25.9,18.0
sdi,2020,6,12,26.6,18.3
sdi,2020,6,10,25.5,16.8
sdi,1960,8,28,27.0,19.8
sdi,1960,8,29,27.1,19.6
sdi,1940,11,30,8.9,0.7
sdi,2010,7,30,29.4,22.7
sdi,2010,7,31,30.3,23.1
sdi,1990,8,30,26.8,20.7
sdi,1990,8,31,27.4,20.8
sdi,1950,9,3,26.7,17.1
sdi,2010,7,25,28.8,22.3
sdi,1950,9,2,25.5,18.3
sdi,2010,7,24,27.6,21.6
sdi,1950,9,5,24.3,16.9
sdi,2010,7,27,30.4,22.4
sdi,1950,9,4,25.5,17.6
sdi,2010,7,26,29.4,22.5
sdi,2010,7,29,29.6,22.8
sdi,2010,7,28,30.4,22.8
sdi,1950,9,1,23.9,19.3
sdi,2010,7,21,26.9,20.2
sdi,2010,7,20,26.8,20.3
sdi,2010,7,23,27.0,20.8
sdi,2010,7,22,27.1,20.7
sdi,1990,8,21,26.9,21.5
sdi,1990,8,22,26.9,21.6
sdi,1990,8,20,28.5,22.0
sdi,1990,8,25,28.3,20.8
sdi,1990,8,26,27.8,21.2
sdi,1990,8,23,29.2,21.7
sdi,1990,8,24,28.5,21.6
sdi,1990,8,29,25.8,19.6
sdi,1990,8,27,25.9,20.8
sdi,1990,8,28,27.5,20.3
sdi,1940,11,14,15.1,4.3
sdi,1950,9,14,25.0,18.3
sdi,1950,10,3,21.3,13.9
sdi,2010,7,14,28.4,21.4
sdi,1940,11,13,13.1,2.9
sdi,1950,9,13,25.4,19.3
sdi,1950,10,2,21.2,14.0
sdi,2010,7,13,28.5,21.2
sdi,1940,11,12,11.1,3.0
sdi,1950,9,16,24.5,18.1
sdi,1950,10,1,21.6,14.8
sdi,2010,7,16,27.2,21.0
sdi,1940,11,11,14.0,3.8
sdi,1950,9,15,24.2,17.8
sdi,2010,7,15,28.3,21.3
sdi,1940,11,10,13.9,4.0
sdi,1950,9,10,25.5,18.4
sdi,2010,7,18,27.5,21.2
sdi,2010,7,17,28.3,21.2
sdi,1950,9,12,26.1,18.4
sdi,1950,9,11,24.6,18.4
sdi,2010,7,19,28.7,21.1
sdi,1950,10,9,20.1,11.9
sdi,1940,11,19,11.9,2.9
sdi,1950,10,8,20.5,10.8
sdi,1940,11,18,11.7,2.6
sdi,1950,10,7,19.7,11.0
sdi,2010,7,10,29.0,21.2
sdi,1940,11,17,12.2,3.4
sdi,1950,10,6,19.1,11.3
sdi,1940,11,16,12.7,3.0
sdi,1950,10,5,20.9,12.8
sdi,2010,7,12,28.1,21.1
sdi,1940,11,15,13.2,3.1
sdi,1950,10,4,21.1,13.1
sdi,2010,7,11,29.2,21.1
sdi,1950,9,7,26.9,19.3
sdi,1950,9,6,26.1,17.9
sdi,1950,9,9,25.1,18.5
sdi,1950,9,8,26.5,19.4
sdi,1940,11,25,13.4,4.2
sdi,1950,9,25,21.9,14.9
sdi,2010,7,3,26.5,21.0
sdi,1940,11,24,13.3,3.4
sdi,1950,9,24,22.0,14.4
sdi,2010,7,2,28.2,20.4
sdi,1940,11,23,13.8,2.7
sdi,1950,9,27,22.7,14.4
sdi,2010,7,5,25.4,19.6
sdi,1940,11,22,12.9,2.5
sdi,1950,9,26,21.9,15.1
sdi,2010,7,4,26.4,20.1
sdi,1940,11,21,11.6,2.4
sdi,1950,9,21,23.4,13.6
sdi,2010,7,7,25.5,19.8
sdi,1940,11,20,12.4,3.2
sdi,1950,9,20,22.8,14.5
sdi,2010,7,6,25.9,19.4
sdi,1950,9,23,22.8,13.8
sdi,2010,7,9,27.5,20.7
sdi,1950,9,22,21.5,13.3
sdi,2010,7,8,26.8,20.0
sdi,1940,11,29,8.6,-0.3
sdi,1940,11,28,10.5,1.2
sdi,1940,11,27,9.8,1.3
sdi,2010,7,1,26.4,19.8
sdi,1940,11,26,12.4,1.9
sdi,1950,9,18,24.3,17.7
sdi,1950,9,17,24.4,17.2
sdi,1950,9,19,24.9,16.3
sdi,1940,11,3,17.1,6.5
sdi,1940,11,2,17.1,5.2
sdi,1940,11,1,17.5,5.5
sdi,1930,12,31,4.6,-3.5
sdi,1930,12,30,5.6,-3.1
sdi,1940,11,9,12.8,3.7
sdi,1940,11,8,13.9,3.9
sdi,1940,11,7,16.1,4.9
sdi,1940,11,6,15.3,5.6
sdi,1940,11,5,15.9,6.2
sdi,1940,11,4,17.6,6.5
sdi,1930,12,24,6.3,-2.2
sdi,1930,12,25,5.4,-2.2
sdi,1930,12,22,6.0,-2.0
sdi,1930,12,23,6.0,-2.2
sdi,1930,12,20,6.6,-1.0
sdi,1930,12,21,5.7,-2.3
sdi,1930,12,28,5.9,-2.5
sdi,1930,12,29,5.5,-1.4
sdi,1930,12,26,6.3,-2.8
sdi,1930,12,27,6.2,-3.1
sdi,1930,12,13,7.5,-1.8
sdi,1930,12,14,6.8,-1.5
sdi,1930,12,11,8.3,-1.4
sdi,1930,12,12,9.0,0.1
sdi,1930,12,10,10.0,-1.1
sdi,1930,12,19,7.7,-0.7
sdi,1930,12,17,8.5,-1.7
sdi,1930,12,18,9.3,0.0
sdi,1930,12,15,6.1,-2.9
sdi,1930,12,16,7.1,-2.2
sdi,1950,6,1,22.2,13.3
sdi,1950,6,2,19.9,13.4
sdi,1950,6,10,20.2,12.9
sdi,1990,5,28,21.3,12.6
sdi,1950,6,11,19.6,13.5
sdi,1990,5,29,20.7,13.0
sdi,1950,6,12,19.6,14.6
sdi,1950,6,13,21.9,13.3
sdi,1990,5,30,22.0,14.3
sdi,1950,6,7,21.6,13.6
sdi,1990,5,31,21.9,14.2
sdi,1950,6,8,20.9,14.2
sdi,1950,6,9,20.8,14.3
sdi,1950,6,3,20.9,13.4
sdi,1950,6,4,19.5,12.9
sdi,1950,6,5,21.4,13.4
sdi,1950,6,6,22.1,12.9
sdi,1950,6,21,22.9,16.6
sdi,1950,6,22,22.5,15.4
sdi,1950,6,23,19.6,15.3
sdi,1950,6,24,22.0,15.0
sdi,1950,6,20,22.9,16.5
sdi,1950,6,18,22.3,16.2
sdi,1950,6,19,23.5,15.1
sdi,1950,6,14,22.0,14.9
sdi,1950,6,15,23.3,15.9
sdi,1950,6,16,22.8,15.1
sdi,1950,6,17,23.4,15.0
sdi,2000,9,4,25.8,19.7
sdi,2000,9,3,27.4,20.0
sdi,2000,9,6,25.7,19.5
sdi,2000,9,5,25.2,19.5
sdi,2000,9,8,27.7,20.1
sdi,2000,9,7,24.9,20.4
sdi,1950,6,30,24.5,17.2
sdi,2000,9,9,26.7,19.7
sdi,2000,9,2,26.2,20.1
sdi,2000,9,1,27.1,19.7
sdi,1950,6,29,22.6,16.9
sdi,1950,6,25,23.1,15.9
sdi,1950,6,26,23.5,15.5
sdi,1950,6,27,22.8,16.2
sdi,1950,6,28,24.1,17.1
sdi,2000,9,15,24.4,18.3
sdi,2000,10,4,21.4,13.1
sdi,2000,9,14,25.5,18.5
sdi,2000,10,3,22.1,14.2
sdi,2000,9,17,24.4,17.7
sdi,2000,10,2,23.4,16.3
sdi,2000,9,16,24.8,17.6
sdi,2000,10,1,21.8,15.1
sdi,1940,7,13,25.3,18.9
sdi,2000,9,19,26.7,18.7
sdi,2000,10,8,20.6,13.7
sdi,1940,7,12,25.4,18.9
sdi,2000,9,18,25.3,18.3
sdi,2000,10,7,21.1,12.9
sdi,1940,7,11,24.7,19.2
sdi,2000,10,6,20.5,13.9
sdi,1940,7,10,26.4,18.9
sdi,2000,10,5,20.6,14.2
sdi,2000,10,9,20.1,13.6
sdi,2000,9,11,25.7,20.0
sdi,2000,9,10,26.8,20.0
sdi,2000,9,13,24.8,18.6
sdi,2000,9,12,24.7,18.9
sdi,1940,7,6,25.7,18.6
sdi,1940,7,5,24.5,18.2
sdi,1940,7,4,24.3,18.2
sdi,1940,7,3,23.5,17.5
sdi,2000,10,11,20.7,13.2
sdi,1940,7,9,24.2,18.2
sdi,2000,10,10,20.1,12.5
sdi,1940,7,8,25.2,18.6
sdi,1940,7,7,26.4,19.2
sdi,2000,9,26,22.6,15.6
sdi,2000,9,25,23.4,15.0
sdi,2000,9,28,22.7,15.2
sdi,2000,9,27,21.4,15.0
sdi,1940,7,2,23.7,17.8
sdi,1940,7,1,23.5,17.6
sdi,2000,9,29,22.1,14.5
sdi,2000,9,20,25.3,17.3
sdi,2000,9,22,22.9,15.9
sdi,2000,9,21,23.7,16.2
sdi,2000,9,24,22.4,14.9
sdi,2000,9,23,22.2,15.2
sdi,1940,7,31,26.2,20.2
sdi,2000,10,26,17.1,9.7
sdi,1940,7,30,26.1,19.6
sdi,2000,10,25,18.8,10.4
sdi,2000,10,24,17.3,10.3
sdi,2000,10,23,18.0,10.8
sdi,2000,10,29,17.5,9.4
sdi,2000,10,28,17.1,8.3
sdi,2000,10,27,16.6,8.8
sdi,2000,9,30,21.4,14.1
sdi,1940,7,28,27.4,20.1
sdi,1940,7,27,27.5,20.3
sdi,1940,7,26,25.3,19.8
sdi,1940,7,25,25.2,19.3
sdi,2000,10,31,16.8,8.0
sdi,1940,7,29,26.2,19.7
sdi,2000,10,30,16.9,8.4
sdi,1940,7,20,26.3,20.8
sdi,2000,10,15,20.1,11.8
sdi,2000,10,14,20.2,11.1
sdi,2000,10,13,20.5,12.0
sdi,2000,10,12,21.7,12.8
sdi,1940,7,24,26.9,20.0
sdi,2000,10,19,19.7,10.8
sdi,1940,7,23,27.8,20.2
sdi,2000,10,18,19.5,10.6
sdi,1940,7,22,26.6,20.4
sdi,2000,10,17,20.5,11.2
sdi,1940,7,21,27.1,20.3
sdi,2000,10,16,20.1,11.7
sdi,1940,7,17,25.6,18.4
sdi,1940,7,16,26.3,19.0
sdi,1940,7,15,26.8,19.2
sdi,1940,7,14,26.1,19.2
sdi,2000,10,22,19.0,10.9
sdi,2000,10,21,19.7,10.7
sdi,1940,7,19,26.8,20.6
sdi,2000,10,20,18.9,11.3
sdi,1940,7,18,26.8,19.6
sdi,1930,8,20,28.1,20.2
sdi,1980,6,6,23.0,14.5
sdi,1980,6,7,24.7,15.8
sdi,1980,6,8,23.8,15.2
sdi,1980,6,9,20.8,14.4
sdi,1930,8,24,27.7,21.1
sdi,1930,8,23,28.5,21.2
sdi,1930,8,22,29.1,21.0
sdi,1930,8,21,29.0,20.5
sdi,1930,8,17,28.5,20.2
sdi,1930,8,16,27.1,20.8
sdi,1980,6,10,20.7,13.3
sdi,1930,8,15,27.7,21.1
sdi,1980,6,11,20.9,13.5
sdi,1930,8,14,28.7,21.4
sdi,1980,6,12,20.3,13.9
sdi,1980,6,13,21.6,14.3
sdi,1980,6,14,20.2,14.3
sdi,1930,8,19,28.2,19.5
sdi,1980,6,15,21.6,14.1
sdi,1930,8,18,28.9,19.1
sdi,1980,6,16,23.0,14.2
sdi,1930,8,31,25.9,19.3
sdi,1980,6,17,21.6,15.2
sdi,1930,8,30,27.7,19.6
sdi,1980,6,18,22.1,15.0
sdi,1980,6,19,20.8,14.6
sdi,1930,8,28,27.5,19.9
sdi,1980,6,20,20.3,14.5
sdi,1930,8,27,27.6,20.5
sdi,1980,6,21,19.0,14.9
sdi,1930,8,26,27.7,20.3
sdi,1980,6,22,21.1,14.7
sdi,1930,8,25,28.1,20.1
sdi,1980,6,23,22.8,15.4
sdi,1980,6,24,22.0,16.0
sdi,1980,6,25,21.4,16.1
sdi,1980,6,26,21.7,16.2
sdi,1930,8,29,27.1,19.9
sdi,1980,6,27,19.7,15.6
sdi,2020,10,29,18.2,10.3
sdi,1930,8,2,26.4,20.9
sdi,2020,10,26,18.2,10.2
sdi,1930,8,1,27.1,20.8
sdi,2020,10,25,19.2,9.9
sdi,2020,10,28,19.4,9.9
sdi,1970,7,31,30.7,22.5
sdi,2020,10,27,19.3,8.9
sdi,1970,7,30,31.4,22.5
sdi,2020,9,30,24.2,17.3
sdi,1970,7,29,30.0,21.4
sdi,2020,10,31,19.1,8.7
sdi,1970,7,28,28.7,21.5
sdi,2020,10,30,18.3,9.1
sdi,2020,10,19,20.9,10.7
sdi,2020,10,18,18.8,10.7
sdi,1930,8,13,28.7,21.6
sdi,2020,10,15,21.5,13.8
sdi,1930,8,12,29.6,20.8
sdi,2020,10,14,22.0,13.1
sdi,1930,8,11,27.9,20.9
sdi,2020,10,17,19.7,13.0
sdi,1930,8,10,28.1,20.3
sdi,2020,10,16,20.6,13.2
sdi,1930,8,6,28.1,21.5
sdi,2020,10,22,18.9,10.3
sdi,1930,8,5,28.2,21.7
sdi,2020,10,21,19.2,8.6
sdi,1930,8,4,28.1,21.4
sdi,2020,10,24,19.8,10.2
sdi,1930,8,3,27.9,21.0
sdi,1980,6,1,21.6,13.4
sdi,2020,10,23,19.6,12.4
sdi,1980,6,2,20.0,13.8
sdi,1930,8,9,27.8,20.1
sdi,1980,6,3,20.0,14.0
sdi,1930,8,8,28.4,20.6
sdi,1980,6,4,21.3,13.8
sdi,2020,10,20,19.5,10.0
sdi,1930,8,7,28.4,21.1
sdi,1980,6,5,22.9,13.7
sdi,1920,9,30,19.6,12.8
sdi,2020,9,19,29.4,21.6
sdi,2020,10,8,20.7,13.8
sdi,2020,9,18,28.9,22.4
sdi,2020,10,7,19.9,12.8
sdi,2020,9,17,27.5,20.7
sdi,2020,9,16,25.7,20.0
sdi,2020,10,9,18.3,14.3
sdi,2020,10,4,24.1,17.1
sdi,2020,10,3,23.6,17.1
sdi,2020,10,6,19.9,13.9
sdi,2020,10,5,23.6,16.0
sdi,2020,9,11,29.0,22.6
sdi,2020,9,10,30.0,22.2
sdi,2020,9,15,27.1,20.5
sdi,2020,9,14,26.5,19.6
sdi,2020,9,13,28.5,21.3
sdi,2020,9,12,28.5,21.5
sdi,1920,9,27,23.4,11.7
sdi,2020,10,11,23.1,15.1
sdi,1920,9,28,22.8,13.4
sdi,2020,10,10,20.7,14.7
sdi,1920,9,25,24.2,11.0
sdi,2020,10,13,21.2,13.2
sdi,1920,9,26,19.8,11.8
sdi,1990,5,1,15.3,7.5
sdi,2020,10,12,20.6,13.6
sdi,1990,5,2,17.3,8.6
sdi,1990,5,3,17.3,9.3
sdi,1920,9,29,21.4,16.0
sdi,1990,5,4,16.7,9.1
sdi,1990,5,5,16.7,8.3
sdi,1920,9,20,23.5,15.9
sdi,2020,9,29,25.6,17.1
sdi,2020,9,28,25.0,17.9
sdi,2020,9,27,23.6,18.1
sdi,1920,9,23,21.6,13.9
sdi,1920,9,24,23.2,13.2
sdi,1920,9,21,23.2,14.0
sdi,1920,9,22,21.9,14.7
sdi,2020,9,22,23.9,16.9
sdi,2020,9,21,23.9,16.9
sdi,2020,9,20,27.5,19.4
sdi,2020,9,26,24.2,18.2
sdi,2020,9,25,22.7,15.5
sdi,2020,9,24,24.4,16.7
sdi,2020,9,23,24.8,18.2
sdi,1920,9,16,24.7,18.2
sdi,1920,9,17,23.8,16.0
sdi,1920,9,14,25.3,16.8
sdi,2020,10,2,26.8,16.5
sdi,1920,9,15,26.6,15.8
sdi,2020,10,1,24.4,15.8
sdi,1920,9,18,19.4,14.1
sdi,1920,9,19,24.0,15.8
sdi,1980,6,28,20.1,15.1
sdi,1990,5,17,19.2,10.4
sdi,1980,6,29,21.2,15.6
sdi,1990,5,18,18.7,10.8
sdi,1990,5,19,20.4,12.3
sdi,1920,9,12,24.6,18.5
sdi,1920,9,13,21.9,16.7
sdi,1920,9,10,24.2,18.5
sdi,1920,9,11,26.3,19.6
sdi,1980,6,30,21.1,15.7
sdi,1920,9,5,24.5,16.7
sdi,1990,5,20,20.2,12.3
sdi,1920,9,6,24.6,17.5
sdi,1990,5,21,21.2,12.2
sdi,1920,9,3,28.2,20.0
sdi,1990,5,22,19.4,12.6
sdi,1920,9,4,28.4,18.8
sdi,1990,5,23,21.5,12.5
sdi,1920,9,9,24.4,18.7
sdi,1990,5,24,20.8,12.0
sdi,1990,5,25,22.5,12.7
sdi,1920,9,7,25.8,18.2
sdi,1990,5,26,21.3,12.3
sdi,1920,9,8,24.5,18.4
sdi,1990,5,27,21.1,11.9
sdi,1990,5,6,18.8,8.9
sdi,2020,9,8,25.7,21.4
sdi,1990,5,7,19.2,9.7
sdi,2020,9,7,29.1,21.0
sdi,1990,5,8,20.1,10.5
sdi,2020,9,6,26.2,21.3
sdi,1990,5,9,19.7,11.6
sdi,2020,9,5,27.4,21.6
sdi,1920,9,1,27.9,18.5
sdi,1920,9,2,26.3,18.6
sdi,2020,9,9,29.5,21.6
sdi,2020,9,4,27.1,21.7
sdi,2020,9,3,27.8,21.9
sdi,2020,9,2,29.1,21.7
sdi,2020,9,1,28.0,21.7
sdi,1990,5,10,20.9,10.6
sdi,1990,5,11,20.9,11.4
sdi,1990,5,12,18.9,10.5
sdi,1990,5,13,20.2,11.1
sdi,1990,5,14,19.2,11.4
sdi,1990,5,15,18.9,11.2
sdi,1990,5,16,19.2,11.2
sdi,1980,3,12,8.5,-0.3
sdi,1980,3,13,9.4,1.0
sdi,1980,3,10,7.0,-1.1
sdi,1980,3,11,6.9,-0.6
sdi,1930,5,30,20.4,10.6
sdi,1930,5,31,18.9,9.5
sdi,1930,5,23,18.5,9.8
sdi,1980,3,9,7.7,-1.2
sdi,1930,5,22,19.0,10.2
sdi,1930,5,25,18.9,8.9
sdi,1980,3,7,6.1,-1.9
sdi,1930,5,24,18.2,9.0
sdi,1980,3,8,7.1,-1.0
sdi,1930,5,27,20.4,10.2
sdi,1980,3,5,7.5,-0.2
sdi,1930,5,26,20.0,8.3
sdi,1980,3,6,6.3,-1.3
sdi,1930,5,29,19.1,11.0
sdi,1980,3,3,7.0,-0.9
sdi,1930,5,28,18.1,11.4
sdi,1980,3,4,8.1,-0.3
sdi,1980,3,1,6.2,-1.3
sdi,1980,3,2,5.8,-1.3
sdi,1980,3,30,10.8,2.2
sdi,1980,3,31,10.4,2.0
sdi,1930,5,10,18.9,8.0
sdi,1930,5,9,18.7,7.2
sdi,1930,5,8,17.4,6.5
sdi,1930,5,1,17.3,7.0
sdi,1930,5,3,17.4,6.6
sdi,1980,3,29,10.8,1.2
sdi,1930,5,2,16.6,7.4
sdi,1930,5,5,21.4,7.7
sdi,1980,3,27,9.0,0.6
sdi,1930,5,4,20.5,6.6
sdi,1980,3,28,9.2,0.8
sdi,1930,5,7,18.5,6.1
sdi,1980,3,25,8.8,0.9
sdi,1930,5,6,18.6,7.9
sdi,1980,3,26,10.1,1.1
sdi,1980,3,23,8.7,1.3
sdi,1980,3,24,8.7,1.3
sdi,1980,3,21,7.8,1.8
sdi,1980,3,22,9.2,1.8
sdi,1980,3,20,9.6,1.4
sdi,1930,5,21,19.5,10.8
sdi,1930,5,20,20.4,11.5
sdi,1930,5,19,19.7,9.5
sdi,1930,5,12,17.7,8.5
sdi,1930,5,11,20.3,7.7
sdi,1930,5,14,18.4,8.4
sdi,1980,3,18,8.1,0.7
sdi,1930,5,13,18.2,9.4
sdi,1980,3,19,8.6,0.5
sdi,1930,5,16,19.1,10.1
sdi,1980,3,16,8.3,0.1
sdi,1930,5,15,19.1,9.7
sdi,1980,3,17,8.2,0.4
sdi,1930,5,18,19.5,8.8
sdi,1980,3,14,8.7,1.4
sdi,1930,5,17,20.0,8.9
sdi,1980,3,15,8.5,0.5
sdi,1990,2,2,4.0,-3.0
sdi,1990,2,1,3.5,-2.2
sdi,1990,2,13,6.6,0.1
sdi,1990,2,12,7.1,-0.9
sdi,1990,2,11,6.0,-1.3
sdi,1990,2,10,5.7,-1.7
sdi,1920,6,30,22.0,15.6
sdi,1920,6,22,21.1,14.3
sdi,1920,6,23,22.1,12.1
sdi,1990,2,9,6.3,-1.3
sdi,1920,6,24,20.5,14.7
sdi,1990,2,8,6.1,-1.3
sdi,1920,6,25,21.7,15.3
sdi,1990,2,7,7.9,-0.5
sdi,1920,6,26,23.1,15.4
sdi,1990,2,6,7.0,-1.1
sdi,1920,6,27,21.8,15.6
sdi,1990,2,5,5.1,-1.7
sdi,1920,6,28,21.4,16.2
sdi,1990,2,4,4.9,-1.9
sdi,1920,6,29,21.8,16.5
sdi,1990,2,3,4.9,-2.9
sdi,1990,2,24,6.2,-0.8
sdi,1990,2,23,5.7,-1.1
sdi,1990,2,22,5.9,-1.2
sdi,1990,2,21,6.2,-1.4
sdi,1990,2,20,6.6,-1.6
sdi,1920,6,20,22.3,12.5
sdi,1920,6,21,22.5,15.0
sdi,1920,6,19,22.0,12.7
sdi,1920,6,11,20.5,12.3
sdi,1920,6,12,17.7,13.9
sdi,1920,6,13,19.3,13.9
sdi,1990,2,19,5.1,-1.2
sdi,1920,6,14,24.4,13.4
sdi,1990,2,18,6.6,-0.3
sdi,1920,6,15,22.3,13.3
sdi,1990,2,17,6.0,-0.7
sdi,1920,6,16,21.9,14.5
sdi,1990,2,16,7.5,0.3
sdi,1920,6,17,24.6,14.1
sdi,1990,2,15,7.9,-0.7
sdi,1920,6,18,23.7,11.6
sdi,1990,2,14,7.4,-0.7
sdi,1920,6,10,24.5,12.6
sdi,1920,6,8,22.4,10.7
sdi,1920,6,9,23.9,12.5
sdi,1920,6,1,23.3,12.6
sdi,1920,6,2,21.2,12.1
sdi,1920,6,3,19.0,12.0
sdi,1990,2,29,11.8,0.6
sdi,1920,6,4,18.9,11.3
sdi,1990,2,28,7.9,0.3
sdi,1920,6,5,18.0,11.2
sdi,1990,2,27,9.4,0.8
sdi,1920,6,6,19.3,12.1
sdi,1990,2,26,8.1,0.9
sdi,1920,6,7,18.0,9.9
sdi,1990,2,25,7.4,-0.3
sdi,1960,5,31,21.6,12.3
sdi,1960,5,30,20.6,12.1
sdi,1960,5,29,18.9,13.0
sdi,1960,5,26,20.6,11.5
sdi,1960,5,25,20.8,11.6
sdi,1960,5,28,21.8,13.2
sdi,1960,5,27,21.6,12.5
sdi,1960,5,22,21.8,11.5
sdi,1960,5,21,21.3,11.7
sdi,1960,5,24,19.6,11.5
sdi,1960,5,23,22.5,10.9
sdi,1960,5,20,19.2,10.3
sdi,1960,5,19,19.3,10.0
sdi,1960,5,18,20.2,10.1
sdi,1960,5,15,20.3,10.9
sdi,1960,5,14,20.3,10.3
sdi,1960,5,17,20.0,10.9
sdi,1960,5,16,19.8,10.9
sdi,1960,5,11,20.4,10.0
sdi,1960,5,10,21.3,10.7
sdi,2000,6,1,23.0,14.5
sdi,1960,5,13,21.2,9.1
sdi,2000,6,2,23.5,13.6
sdi,1960,5,12,19.9,9.6
sdi,2000,6,3,22.2,13.8
sdi,2000,6,4,22.5,14.4
sdi,2000,6,5,22.0,14.1
sdi,2000,6,6,21.5,14.4
sdi,2000,6,7,22.2,15.2
sdi,1960,5,8,21.7,9.5
sdi,1960,5,7,18.5,9.1
sdi,1960,5,9,21.9,9.3
sdi,1960,5,4,18.5,9.9
sdi,1960,5,3,19.8,9.5
sdi,1960,5,6,19.0,9.5
sdi,1960,5,5,18.7,10.4
sdi,2000,6,11,22.1,15.2
sdi,2000,6,12,22.3,15.0
sdi,1960,5,2,18.4,8.1
sdi,2000,6,13,23.2,15.5
sdi,1960,5,1,17.8,8.1
sdi,2000,6,14,22.0,15.7
sdi,2000,6,15,22.3,15.1
sdi,2000,6,16,22.2,15.2
sdi,2000,6,17,22.7,15.7
sdi,2000,6,18,22.6,15.8
sdi,2000,6,10,23.9,15.9
sdi,2000,6,8,21.7,15.2
sdi,2000,6,9,21.7,15.7
sdi,1970,4,22,13.7,6.2
sdi,2000,6,22,24.2,17.3
sdi,1970,4,21,15.3,6.9
sdi,2000,6,23,24.2,17.3
sdi,1970,4,24,16.0,6.1
sdi,2000,6,24,25.0,17.3
sdi,1970,4,23,17.4,5.6
sdi,2000,6,25,22.2,17.1
sdi,2000,6,26,23.1,17.3
sdi,2000,6,27,24.1,17.6
sdi,1970,4,20,18.1,6.6
sdi,2000,6,28,25.2,18.1
sdi,2000,6,29,25.5,18.3
sdi,2000,6,20,24.7,17.6
sdi,2000,6,21,24.5,18.0
sdi,1970,4,19,15.5,4.9
sdi,2000,6,19,25.3,17.1
sdi,1970,4,18,16.0,5.7
sdi,1970,4,15,15.0,5.2
sdi,1970,4,14,16.5,5.6
sdi,1970,4,17,16.9,7.2
sdi,1970,4,16,15.6,6.5
sdi,1970,4,30,16.9,8.5
sdi,2000,6,30,25.1,18.5
sdi,1970,4,29,17.1,9.0
sdi,1970,4,26,18.7,8.2
sdi,1970,4,25,16.8,6.4
sdi,1970,4,28,17.6,7.9
sdi,1970,4,27,16.6,7.7
sdi,1970,4,2,9.7,1.5
sdi,1970,4,1,11.2,2.4
sdi,1970,4,11,14.2,3.4
sdi,1970,4,10,13.9,4.3
sdi,1970,4,13,13.5,4.5
sdi,1970,4,12,13.1,4.3
sdi,1970,4,8,12.8,4.7
sdi,1970,4,7,13.2,3.7
sdi,1970,4,9,14.0,5.5
sdi,1970,4,4,11.8,2.5
sdi,1970,4,3,9.8,1.4
sdi,1970,4,6,14.4,3.5
sdi,1970,4,5,12.5,1.5
sdi,1920,3,4,4.6,-5.2
sdi,1920,3,3,3.3,-4.2
sdi,1920,3,2,4.5,-2.6
sdi,1920,3,1,9.0,-1.1
sdi,1920,3,9,6.9,-2.1
sdi,1920,3,8,6.5,-4.9
sdi,1920,3,7,5.3,-4.2
sdi,1920,3,6,4.2,-4.1
sdi,1920,3,5,4.5,-3.4
sdi,1960,2,25,6.2,-3.3
sdi,1960,2,24,6.7,-3.2
sdi,1960,2,23,7.0,-3.3
sdi,1960,2,22,6.4,-2.4
sdi,1960,2,29,8.3,-0.5
sdi,1960,2,28,6.7,-2.4
sdi,1960,2,27,6.0,-2.4
sdi,1960,2,26,6.7,-2.1
sdi,2020,1,30,6.4,-1.1
sdi,2020,1,31,6.3,-1.1
sdi,1960,2,21,8.2,-1.6
sdi,1960,2,20,6.8,-1.7
sdi,1960,2,19,6.5,-3.2
sdi,1960,2,14,5.2,-3.2
sdi,2020,1,27,6.8,-0.8
sdi,1960,2,13,5.6,-4.2
sdi,2020,1,28,5.3,-0.5
sdi,1960,2,12,5.5,-2.9
sdi,2020,1,29,5.9,-0.8
sdi,1960,2,11,7.1,-2.6
sdi,1960,2,18,5.6,-3.5
sdi,1960,2,17,4.6,-4.3
sdi,1960,2,16,3.8,-3.5
sdi,1960,2,15,3.7,-3.9
sdi,1960,2,10,6.4,-1.6
sdi,1960,2,9,6.8,-1.4
sdi,1960,2,8,7.6,-0.9
sdi,1960,2,3,5.5,-3.1
sdi,1960,2,2,6.3,-3.1
sdi,1960,2,1,6.9,-2.1
sdi,1960,2,7,7.3,-2.8
sdi,1960,2,6,5.3,-3.7
sdi,1960,2,5,6.0,-3.3
sdi,1960,2,4,5.6,-3.0
sdi,1970,1,30,3.6,-3.1
sdi,1970,1,31,4.9,-3.0
sdi,2020,1,10,5.9,-0.8
sdi,2020,1,11,7.3,-1.5
sdi,2020,1,12,7.3,-0.7
sdi,2020,1,13,8.0,0.1
sdi,2020,1,14,7.9,1.4
sdi,2020,1,15,6.5,0.7
sdi,1970,1,26,5.9,-1.4
sdi,2020,1,5,4.9,-1.4
sdi,1970,1,27,4.6,-2.7
sdi,2020,1,6,6.5,-0.6
sdi,1970,1,28,4.0,-3.4
sdi,2020,1,7,6.2,-1.2
sdi,1970,1,29,3.8,-4.0
sdi,2020,1,8,4.7,-1.5
sdi,1970,1,22,4.5,-2.0
sdi,2020,1,9,7.9,-1.4
sdi,1970,1,23,4.4,-3.0
sdi,1970,1,24,4.4,-3.1
sdi,1970,1,25,7.6,-1.6
sdi,2020,1,20,7.5,-0.7
sdi,2020,1,21,6.6,-0.5
sdi,2020,1,22,7.5,0.5
sdi,2020,1,23,6.6,-0.1
sdi,2020,1,24,6.0,-0.0
sdi,2020,1,25,5.4,-2.2
sdi,2020,1,26,6.2,-1.0
sdi,2020,1,16,6.7,-0.2
sdi,2020,1,17,7.3,-0.3
sdi,2020,1,18,6.2,-1.3
sdi,2020,1,19,6.1,-1.1
sdi,1970,1,10,6.4,-2.3
sdi,1970,1,8,5.7,-1.5
sdi,1970,1,9,6.3,-1.8
sdi,1970,1,4,5.2,-2.7
sdi,1970,1,5,6.4,-2.5
sdi,1970,1,6,4.3,-2.9
sdi,1970,1,7,5.0,-3.3
sdi,1970,1,1,7.0,-1.6
sdi,1970,1,2,6.3,-2.2
sdi,1970,1,3,5.0,-2.9
sdi,1970,1,20,4.6,-3.1
sdi,1970,1,21,4.6,-2.9
sdi,2020,1,1,4.8,-2.0
sdi,2020,1,2,6.2,-1.6
sdi,2020,1,3,6.3,-0.8
sdi,2020,1,4,5.3,-0.9
sdi,1970,1,19,4.6,-3.2
sdi,2010,2,29,7.4,-0.4
sdi,2010,2,28,7.6,0.2
sdi,2010,2,27,7.8,-0.6
sdi,1970,1,15,5.1,-3.0
sdi,1970,1,16,5.0,-2.1
sdi,1970,1,17,5.6,-2.1
sdi,1970,1,18,5.1,-1.9
sdi,1970,1,11,5.3,-2.2
sdi,1970,1,12,5.8,-0.4
sdi,1970,1,13,5.0,-1.6
sdi,1970,1,14,5.0,-2.7
sdi,1950,3,10,8.4,-0.6
sdi,2010,2,26,7.6,-0.2
sdi,2010,2,25,8.2,-0.7
sdi,2010,2,24,8.1,-0.5
sdi,2010,2,23,9.0,0.5
sdi,2010,2,22,6.9,-1.4
sdi,2010,2,21,6.6,-1.1
sdi,2010,2,20,6.8,-0.9
sdi,1950,3,9,7.5,-1.1
sdi,1950,3,8,7.7,-0.7
sdi,2010,2,19,6.2,-1.4
sdi,2010,2,18,5.6,-1.7
sdi,2010,2,17,6.3,-1.7
sdi,2010,2,16,6.8,-1.4
sdi,1950,3,3,6.6,-2.0
sdi,1950,3,2,7.7,-0.5
sdi,1950,3,1,7.4,-1.8
sdi,1950,3,7,6.3,-1.6
sdi,1950,3,6,5.6,-2.9
sdi,1950,3,5,5.7,-2.7
sdi,1950,3,4,6.0,-1.7
sdi,1950,3,21,11.1,0.4
sdi,1950,3,20,9.0,1.1
sdi,2010,2,15,5.8,-0.9
sdi,2010,2,14,7.4,-0.7
sdi,2010,2,13,5.9,-1.4
sdi,2010,2,12,4.2,-2.3
sdi,2010,2,11,5.4,-1.9
sdi,2010,2,10,5.0,-2.0
sdi,1950,3,19,11.1,0.9
sdi,2010,2,9,4.7,-1.7
sdi,2010,2,8,4.6,-2.2
sdi,2010,2,7,6.6,-1.3
sdi,2010,2,6,5.0,-1.8
sdi,2010,2,5,5.4,-1.3
sdi,1950,3,14,8.8,-0.9
sdi,1950,3,13,8.7,-0.7
sdi,1950,3,12,8.3,-0.6
sdi,1950,3,11,8.6,-0.5
sdi,1950,3,18,11.7,1.5
sdi,1950,3,17,12.4,0.9
sdi,1950,3,16,10.3,-0.6
sdi,1950,3,15,9.8,0.1
sdi,1950,3,31,11.8,2.4
sdi,1950,3,30,11.3,1.1
sdi,2010,2,4,6.7,-1.3
sdi,2010,2,3,6.1,-1.6
sdi,2010,2,2,5.3,-1.7
sdi,2010,2,1,5.8,-1.9
sdi,1950,3,25,10.5,1.8
sdi,1950,3,24,11.1,1.3
sdi,1950,3,23,10.2,0.7
sdi,1950,3,22,9.6,0.6
sdi,1950,3,29,10.4,0.3
sdi,1950,3,28,8.7,1.3
sdi,1950,3,27,11.5,1.7
sdi,1950,3,26,10.5,3.7
sdi,1940,4,20,15.8,5.8
sdi,1940,4,21,14.9,6.0
sdi,1940,4,19,16.3,5.8
sdi,1940,4,13,15.0,3.9
sdi,1940,4,14,13.7,3.9
sdi,1940,4,11,13.7,3.0
sdi,1940,4,12,14.9,3.2
sdi,1940,4,17,14.4,3.1
sdi,1940,4,18,16.0,3.0
sdi,1940,4,15,13.9,2.2
sdi,1940,4,16,15.4,1.0
sdi,1940,4,10,13.9,3.4
sdi,1940,4,8,12.4,1.5
sdi,1940,4,9,13.8,2.5
sdi,1940,4,2,13.9,0.3
sdi,1940,4,3,13.6,2.2
sdi,1940,4,1,11.4,-0.0
sdi,1940,4,6,10.1,0.3
sdi,1940,4,7,10.5,0.2
sdi,1940,4,4,14.1,4.2
sdi,1940,4,5,12.6,1.8
sdi,1940,4,30,18.0,5.7
sdi,1940,4,24,16.3,4.3
sdi,1940,4,25,16.3,4.2
sdi,1940,4,22,15.3,4.5
sdi,1940,4,23,13.5,3.7
sdi,1940,4,28,14.8,5.8
sdi,1940,4,29,14.5,5.3
sdi,1940,4,26,17.2,5.3
sdi,1940,4,27,15.8,7.0
